{"stats":{"minecraft:used":{"minecraft:wooden_axe":1,"minecraft:dirt":6,"minecraft:egg":1},"minecraft:dropped":{"gravestone:obituary":2},"minecraft:picked_up":{"minecraft:stick":6,"minecraft:rotten_flesh":1,"minecraft:wheat_seeds":3,"gravestone:obituary":1,"minecraft:dirt":9,"minecraft:wooden_axe":1,"minecraft:egg":1},"minecraft:mined":{"gravestone:gravestone":2,"minecraft:large_fern":1,"minecraft:grass":7,"projectvibrantjourneys:twigs":5,"minecraft:grass_block":3,"projectvibrantjourneys:short_grass":16,"projectvibrantjourneys:pinecones":4,"minecraft:dirt":6,"minecraft:fern":5},"minecraft:custom":{"minecraft:time_since_rest":21629,"minecraft:interact_with_furnace":2,"minecraft:sprint_one_cm":45052,"minecraft:play_time":75541,"minecraft:deaths":5,"minecraft:damage_taken":1605,"minecraft:walk_one_cm":34050,"minecraft:mob_kills":1,"minecraft:drop":2,"minecraft:jump":234,"minecraft:damage_dealt":390,"minecraft:leave_game":1,"minecraft:time_since_death":22099,"minecraft:sleep_in_bed":1,"minecraft:total_world_time":75541,"minecraft:fall_one_cm":8001,"minecraft:fly_one_cm":56937},"minecraft:crafted":{"minecraft:cooked_porkchop":2,"minecraft:air":0},"minecraft:killed":{"minecraft:zombie":1}},"DataVersion":3465}