{"stats":{"minecraft:used":{"minecraft:wooden_axe":1,"minecraft:dirt":6,"minecraft:egg":1,"minecraft:golden_pickaxe":10},"minecraft:dropped":{"gravestone:obituary":2},"minecraft:mined":{"minecraft:large_fern":3,"projectvibrantjourneys:light_brown_bark_mushroom":1,"minecraft:brown_mushroom":2,"minecraft:sweet_berry_bush":10,"projectvibrantjourneys:orange_bark_mushroom":1,"projectvibrantjourneys:bones":1,"projectvibrantjourneys:rocks":1,"minecraft:torch":1,"gravestone:gravestone":4,"minecraft:grass":9,"projectvibrantjourneys:twigs":6,"projectvibrantjourneys:spruce_hollow_log":2,"minecraft:grass_block":4,"projectvibrantjourneys:short_grass":35,"projectvibrantjourneys:pinecones":5,"minecraft:dirt":6,"minecraft:cobblestone":1,"minecraft:stone":2,"minecraft:red_mushroom":1,"minecraft:fern":12},"minecraft:picked_up":{"minecraft:wooden_axe":1,"projectvibrantjourneys:light_brown_bark_mushroom":1,"minecraft:stick":7,"minecraft:sweet_berries":21,"minecraft:brown_mushroom":2,"minecraft:red_mushroom":1,"gravestone:obituary":2,"projectvibrantjourneys:spruce_hollow_log":2,"minecraft:dirt":10,"minecraft:moss_carpet":2,"minecraft:bone":1,"minecraft:rotten_flesh":1,"minecraft:wheat_seeds":4,"projectvibrantjourneys:orange_bark_mushroom":1,"minecraft:cobblestone":1,"minecraft:egg":1},"minecraft:custom":{"minecraft:time_since_rest":4068,"minecraft:interact_with_furnace":2,"minecraft:sprint_one_cm":69726,"minecraft:damage_taken":2203,"minecraft:walk_one_cm":62636,"minecraft:mob_kills":2,"minecraft:drop":2,"minecraft:damage_dealt":618,"minecraft:talked_to_villager":1,"minecraft:fly_one_cm":99546,"minecraft:open_chest":3,"minecraft:crouch_one_cm":77,"minecraft:play_time":104666,"minecraft:deaths":7,"minecraft:sneak_time":10,"minecraft:jump":469,"minecraft:leave_game":2,"minecraft:time_since_death":4038,"minecraft:sleep_in_bed":2,"minecraft:total_world_time":104666,"minecraft:fall_one_cm":14582},"minecraft:crafted":{"minecraft:cooked_porkchop":2,"minecraft:air":0},"minecraft:killed":{"minecraft:zombie":1,"minecraft:villager":1}},"DataVersion":3465}