{"stats":{"minecraft:picked_up":{"projectvibrantjourneys:light_brown_bark_mushroom":1,"minecraft:stick":14,"minecraft:crafting_table":1,"minecraft:bone":3,"minecraft:arrow":2,"minecraft:rotten_flesh":2,"minecraft:andesite":7,"minecraft:wheat_seeds":2,"projectvibrantjourneys:bark_mushroom":1,"minecraft:brown_mushroom":1,"dynamictrees:spruce_seed":1,"minecraft:gold_nugget":1,"minecraft:spruce_planks":1,"projectvibrantjourneys:orange_bark_mushroom":2,"immersive_weathering:permafrost":1,"minecraft:spider_eye":1,"minecraft:string":1,"minecraft:moss_carpet":5},"minecraft:mined":{"gravestone:gravestone":1,"minecraft:grass":1,"projectvibrantjourneys:short_grass":4,"immersive_weathering:grassy_permafrost":2},"minecraft:custom":{"minecraft:damage_taken":1077,"minecraft:time_since_rest":2357,"minecraft:crouch_one_cm":320,"minecraft:play_time":9271,"minecraft:walk_one_cm":20257,"minecraft:sprint_one_cm":9490,"minecraft:deaths":4,"minecraft:sneak_time":42,"minecraft:jump":185,"minecraft:damage_dealt":329,"minecraft:leave_game":2,"minecraft:time_since_death":2227,"minecraft:total_world_time":9271,"minecraft:fly_one_cm":25797,"minecraft:fall_one_cm":5399,"minecraft:player_kills":1}},"DataVersion":3465}