{"stats":{"minecraft:used":{"minecraft:golden_pickaxe":27},"minecraft:dropped":{"gravestone:obituary":2},"minecraft:picked_up":{"projectvibrantjourneys:light_brown_bark_mushroom":1,"minecraft:stick":14,"minecraft:crafting_table":1,"minecraft:bone":3,"minecraft:arrow":2,"minecraft:rotten_flesh":2,"minecraft:andesite":7,"minecraft:wheat_seeds":2,"projectvibrantjourneys:bark_mushroom":1,"minecraft:brown_mushroom":1,"dynamictrees:spruce_seed":1,"minecraft:gold_nugget":1,"minecraft:spruce_planks":1,"projectvibrantjourneys:orange_bark_mushroom":2,"immersive_weathering:permafrost":1,"minecraft:spider_eye":1,"minecraft:string":1,"minecraft:moss_carpet":5},"minecraft:mined":{"gravestone:gravestone":2,"minecraft:grass":1,"projectvibrantjourneys:short_grass":4,"immersive_weathering:grassy_permafrost":2},"minecraft:custom":{"minecraft:damage_taken":2037,"minecraft:time_since_rest":29,"minecraft:crouch_one_cm":376,"minecraft:play_time":17333,"minecraft:walk_one_cm":36180,"minecraft:sprint_one_cm":20982,"minecraft:deaths":8,"minecraft:sneak_time":59,"minecraft:mob_kills":1,"minecraft:drop":2,"minecraft:jump":290,"minecraft:damage_dealt":722,"minecraft:leave_game":3,"minecraft:time_since_death":0,"minecraft:total_world_time":17333,"minecraft:interact_with_crafting_table":1,"minecraft:fly_one_cm":53422,"minecraft:fall_one_cm":7551,"minecraft:player_kills":1,"minecraft:open_chest":4},"minecraft:killed":{"minecraft:fox":1}},"DataVersion":3465}