{"stats":{"minecraft:picked_up":{"projectvibrantjourneys:light_brown_bark_mushroom":1,"minecraft:crafting_table":1,"minecraft:stick":14,"minecraft:arrow":2,"minecraft:bone":3,"minecraft:rotten_flesh":2,"minecraft:andesite":7,"minecraft:wheat_seeds":2,"projectvibrantjourneys:bark_mushroom":1,"minecraft:brown_mushroom":1,"dynamictrees:spruce_seed":1,"minecraft:gold_nugget":1,"minecraft:spruce_planks":1,"projectvibrantjourneys:orange_bark_mushroom":2,"immersive_weathering:permafrost":1,"minecraft:spider_eye":1,"minecraft:string":1,"minecraft:moss_carpet":5},"minecraft:mined":{"gravestone:gravestone":1,"projectvibrantjourneys:short_grass":3,"minecraft:grass":1,"immersive_weathering:grassy_permafrost":2},"minecraft:custom":{"minecraft:time_since_rest":0,"minecraft:crouch_one_cm":320,"minecraft:play_time":6914,"minecraft:sprint_one_cm":9490,"minecraft:walk_one_cm":15983,"minecraft:damage_taken":1077,"minecraft:deaths":4,"minecraft:sneak_time":42,"minecraft:jump":177,"minecraft:damage_dealt":329,"minecraft:leave_game":1,"minecraft:time_since_death":0,"minecraft:total_world_time":6914,"minecraft:player_kills":1,"minecraft:fall_one_cm":5399,"minecraft:fly_one_cm":25797}},"DataVersion":3465}