{"stats":{"minecraft:used":{"minecraft:blue_terracotta":3,"minecraft:chest":2,"minecraft:spruce_planks":109,"vanillaplustools:stone_hammer":157,"minecraft:rotten_flesh":2,"minecraft:torch":87,"minecraft:dirt":17,"minecraft:mutton":4,"immersive_weathering:permafrost":5,"minecraft:sweet_berries":5,"minecraft:furnace":2,"minecraft:cooked_mutton":12,"dynamictrees:spruce_seed":9,"minecraft:stone_pickaxe":219,"minecraft:wooden_pickaxe":25,"minecraft:blue_bed":1,"minecraft:crafting_table":3,"vanillaplustools:stone_shovel":13,"minecraft:crossbow":2,"minecraft:bread":6,"minecraft:stone_axe":143,"minecraft:cobblestone":521,"minecraft:cooked_porkchop":5},"minecraft:killed_by":{"minecraft:player":1},"minecraft:broken":{"vanillaplustools:stone_hammer":1,"minecraft:stone_axe":1},"minecraft:dropped":{"minecraft:brown_mushroom":4,"minecraft:wheat_seeds":15,"minecraft:mud_brick_slab":4,"minecraft:crafting_table":1,"minecraft:iron_helmet":1,"minecraft:cobblestone":107,"dynamictrees:spruce_seed":3,"projectvibrantjourneys:orange_bark_mushroom":7,"minecraft:red_mushroom":2,"minecraft:flint":2,"minecraft:stick":18,"minecraft:dirt":19,"minecraft:gray_wool":2,"gravestone:obituary":11,"spore:mutated_heart":1,"immersive_weathering:permafrost":21,"minecraft:white_wool":6,"projectvibrantjourneys:bark_mushroom":5,"minecraft:bone":12,"minecraft:gravel":37,"minecraft:stone_axe":1,"minecraft:blue_terracotta":3,"minecraft:moss_carpet":10,"minecraft:sweet_berries":6,"projectvibrantjourneys:spruce_hollow_log":1,"spore:mutated_fiber":1,"minecraft:red_terracotta":6,"minecraft:poppy":4,"projectvibrantjourneys:light_brown_bark_mushroom":1,"minecraft:gunpowder":6,"minecraft:spruce_planks":1,"minecraft:andesite":7,"minecraft:spider_eye":3,"minecraft:arrow":2,"minecraft:wooden_pickaxe":2,"minecraft:egg":1},"minecraft:picked_up":{"minecraft:crafting_table":2,"minecraft:mud_brick_slab":4,"spore:mutated_heart":1,"dynamictrees:spruce_seed":11,"minecraft:brown_mushroom":4,"minecraft:wooden_pickaxe":1,"gravestone:obituary":6,"minecraft:raw_copper":14,"minecraft:string":3,"minecraft:moss_carpet":9,"minecraft:gold_nugget":9,"minecraft:spruce_planks":3,"minecraft:beef":3,"minecraft:iron_nugget":9,"minecraft:poppy":4,"minecraft:furnace":1,"minecraft:egg":1,"minecraft:raw_iron":27,"minecraft:stick":42,"projectvibrantjourneys:bark_mushroom":4,"minecraft:torch":2,"minecraft:porkchop":8,"pointblank:gunmetal_nugget":46,"minecraft:diorite":11,"immersive_weathering:permafrost":39,"minecraft:arrow":3,"minecraft:rotten_flesh":9,"minecraft:mutton":19,"minecraft:white_wool":16,"minecraft:cobblestone":825,"minecraft:andesite":9,"minecraft:leather":1,"minecraft:red_mushroom":2,"minecraft:flint":2,"minecraft:gunpowder":6,"minecraft:dirt":88,"projectvibrantjourneys:spruce_hollow_log":5,"minecraft:blue_bed":1,"minecraft:bone":27,"minecraft:wheat_seeds":15,"spore:mutated_fiber":26,"immersive_weathering:tallow":9,"projectvibrantjourneys:light_brown_bark_mushroom":1,"spore:cerebrum":2,"minecraft:sweet_berries":10,"minecraft:gravel":37,"minecraft:spruce_log":51,"minecraft:red_terracotta":6,"minecraft:spider_eye":3,"minecraft:blue_terracotta":6,"minecraft:stone_axe":1,"minecraft:granite":2,"minecraft:crossbow":1,"minecraft:gray_wool":2,"spore:spine_fragment":2,"projectvibrantjourneys:orange_bark_mushroom":8,"minecraft:coal":141},"minecraft:mined":{"minecraft:yellow_terracotta":3,"spore:fungal_roots":8,"minecraft:spruce_planks":3,"spore:wall_growths_big":13,"spore:wall_growths":1,"immersive_weathering:grassy_permafrost":16,"dynamictrees:spruce_sapling":1,"minecraft:granite":81,"gravestone:gravestone":7,"minecraft:grass_block":9,"spore:fungal_stem":3,"minecraft:large_fern":2,"minecraft:furnace":1,"minecraft:iron_ore":27,"spore:blomfung":1,"minecraft:andesite":58,"projectvibrantjourneys:bark_mushroom":1,"minecraft:moss_carpet":1,"dynamictrees:spruce_leaves":4,"spore:growth_mycelium":4,"minecraft:stone":915,"minecraft:mud_brick_slab":2,"spore:growths_big":1,"minecraft:crafting_table":2,"minecraft:copper_ore":3,"minecraft:cobblestone":14,"minecraft:diorite":26,"minecraft:blue_bed":1,"immersive_weathering:permafrost":36,"minecraft:red_terracotta":7,"minecraft:blue_terracotta":7,"spore:bloomfung2":23,"minecraft:sweet_berry_bush":2,"minecraft:spruce_log":1,"minecraft:grass":1,"projectvibrantjourneys:spruce_hollow_log":4,"minecraft:coal_ore":138,"projectvibrantjourneys:short_grass":13,"minecraft:gravel":45,"minecraft:dirt":58,"spore:hanging_fungal_stem":38,"spore:remains":2,"minecraft:fern":1},"minecraft:custom":{"minecraft:mob_kills":53,"minecraft:interact_with_crafting_table":15,"minecraft:leave_game":1,"minecraft:time_since_death":12031,"minecraft:sprint_one_cm":210704,"minecraft:walk_one_cm":207923,"minecraft:drop":85,"minecraft:talked_to_villager":1,"minecraft:play_time":68650,"minecraft:deaths":6,"minecraft:sneak_time":1418,"minecraft:walk_under_water_one_cm":296,"minecraft:interact_with_lectern":1,"minecraft:jump":1510,"minecraft:walk_on_water_one_cm":588,"minecraft:total_world_time":68650,"minecraft:interact_with_furnace":13,"minecraft:sleep_in_bed":1,"minecraft:time_since_rest":12061,"minecraft:damage_taken":3068,"minecraft:damage_dealt":8409,"minecraft:swim_one_cm":7389,"minecraft:fly_one_cm":260486,"minecraft:open_chest":8,"minecraft:crouch_one_cm":5728,"minecraft:fall_one_cm":35167},"minecraft:crafted":{"minecraft:stone_shovel":9,"vanillaplustools:stone_hammer":2,"minecraft:furnace":1,"minecraft:cooked_mutton":12,"minecraft:stone_pickaxe":19,"minecraft:chest":2,"vanillaplustools:stone_shovel":1,"minecraft:cooked_porkchop":5,"minecraft:crafting_table":2,"minecraft:spruce_planks":180,"minecraft:wooden_pickaxe":1,"minecraft:stone_axe":2,"minecraft:air":0,"minecraft:stick":76,"minecraft:torch":100},"minecraft:killed":{"minecraft:witch":1,"minecraft:spider":4,"minecraft:skeleton":5,"minecraft:wolf":1,"minecraft:pig":4,"spore:inf_player":6,"spore:inf_wanderer":2,"spore:inf_drowned":1,"minecraft:creeper":3,"spore:inf_pillager":3,"minecraft:sheep":11,"spore:inf_human":2,"minecraft:zombie":9,"minecraft:cow":1}},"DataVersion":3465}