{"stats":{"minecraft:killed":{"minecraft:pig":1},"minecraft:mined":{"minecraft:grass":3},"minecraft:picked_up":{"minecraft:porkchop":2,"minecraft:wheat_seeds":1},"minecraft:custom":{"minecraft:jump":33,"minecraft:time_since_rest":29290,"minecraft:damage_dealt":100,"minecraft:crouch_one_cm":80,"minecraft:sprint_one_cm":921,"minecraft:play_time":29290,"minecraft:time_since_death":29290,"minecraft:walk_one_cm":1057,"minecraft:sneak_time":63,"minecraft:total_world_time":29290,"minecraft:mob_kills":1,"minecraft:fall_one_cm":418,"minecraft:fly_one_cm":44005}},"DataVersion":3465}