{"stats":{"minecraft:picked_up":{"minecraft:coarse_dirt":1,"minecraft:crafting_table":1,"minecraft:feather":2,"minecraft:chicken":1,"knighys_additions:nerium":2,"minecraft:jungle_log":4,"minecraft:dark_oak_boat":1,"minecraft:oak_log":1,"tombstone:grave_key":1,"minecraft:gunpowder":2,"minecraft:string":1,"minecraft:bone":1,"bloodandmadness:blood_vial":1,"minecraft:wheat_seeds":7,"minecraft:melon_slice":127,"minecraft:sugar_cane":2,"biomesoplenty:mahogany_planks":10,"alexsmobs:leafcutter_ant_chamber":1,"undead_revamp2:suckermemebrane":5,"minecraft:big_dripleaf":1,"minecraft:porkchop":3,"tombstone:grave_dust":1,"minecraft:dark_oak_log":10,"undead_revamp2:heavytooth":1,"bloodandmadness:beastblood_clump":1,"undead_revamp2:rawbostrox":3,"biomesoplenty:mahogany_log":23,"minecraft:arrow":1,"minecraft:rotten_flesh":19,"tombstone:magic_scroll":1,"minecraft:coal":4,"minecraft:cobblestone":29},"minecraft:dropped":{"knighys_additions:nerium":2,"tombstone:grave_key":2,"minecraft:wooden_axe":1,"minecraft:jungle_boat":1,"minecraft:wooden_pickaxe":1},"minecraft:used":{"biomesoplenty:mahogany_planks":85,"minecraft:stone_sword":3,"minecraft:stone_pickaxe":15,"minecraft:chest":1,"minecraft:wooden_pickaxe":16,"minecraft:rotten_flesh":2,"minecraft:jungle_boat":1,"minecraft:crafting_table":3,"minecraft:wooden_axe":17,"minecraft:melon_slice":50,"minecraft:stone_axe":139,"minecraft:dark_oak_boat":1,"tombstone:gift":2},"minecraft:mined":{"knighys_additions:nerium":1,"minecraft:dark_oak_leaves":6,"minecraft:dark_oak_log":10,"minecraft:crafting_table":1,"minecraft:melon":23,"biomesoplenty:mahogany_planks":10,"minecraft:jungle_log":4,"minecraft:sugar_cane":1,"minecraft:big_dripleaf":1,"biomesoplenty:mahogany_log":29,"minecraft:grass":12,"biomesoplenty:mahogany_leaves":3,"minecraft:oak_log":1,"minecraft:coal_ore":4,"minecraft:vine":1,"minecraft:stone":22,"minecraft:oak_leaves":1,"minecraft:fern":26},"minecraft:killed":{"undead_revamp2:thewolf":1,"undead_revamp2:bigsucker":1,"minecraft:pig":1,"undead_revamp2:thehunter":1,"bloodandmadness:cloaked_beast_patient":2,"undead_revamp2:the_moonflower":3,"minecraft:spider":2,"minecraft:creeper":2,"minecraft:skeleton":1,"alexsmobs:leafcutter_ant":3,"minecraft:chicken":1,"undead_revamp2:sucker":2},"minecraft:custom":{"minecraft:mob_kills":21,"minecraft:interact_with_crafting_table":12,"minecraft:damage_dealt_resisted":9,"minecraft:time_since_death":853,"minecraft:climb_one_cm":4448,"minecraft:time_since_rest":1,"minecraft:sprint_one_cm":131228,"minecraft:damage_taken":1876,"minecraft:walk_one_cm":90836,"minecraft:drop":6,"minecraft:damage_dealt":4501,"minecraft:swim_one_cm":22170,"minecraft:fly_one_cm":199551,"minecraft:open_chest":1,"minecraft:crouch_one_cm":946,"minecraft:play_time":52514,"tombstone:undead_killed":9,"minecraft:deaths":4,"minecraft:sneak_time":289,"minecraft:walk_under_water_one_cm":4662,"minecraft:boat_one_cm":84375,"minecraft:jump":925,"minecraft:walk_on_water_one_cm":7524,"minecraft:total_world_time":52514,"minecraft:fall_one_cm":21639},"minecraft:broken":{"minecraft:stone_axe":1},"minecraft:crafted":{"minecraft:crafting_table":3,"minecraft:dark_oak_boat":1,"minecraft:jungle_boat":2,"biomesoplenty:mahogany_planks":88,"minecraft:wooden_pickaxe":1,"minecraft:stone_axe":2,"minecraft:jungle_planks":16,"minecraft:stick":20,"minecraft:stone_pickaxe":1,"minecraft:wooden_axe":1,"minecraft:stone_sword":1,"minecraft:chest":1,"minecraft:dark_oak_planks":40,"minecraft:torch":16}},"DataVersion":3465}