{"stats":{"minecraft:custom":{"minecraft:jump":37,"minecraft:time_since_rest":0,"minecraft:leave_game":1,"minecraft:damage_dealt":25,"minecraft:crouch_one_cm":106,"minecraft:deaths":1,"minecraft:sprint_one_cm":6992,"minecraft:play_time":1764,"minecraft:damage_taken":250,"minecraft:time_since_death":0,"minecraft:walk_one_cm":1602,"minecraft:sneak_time":64,"minecraft:total_world_time":1764,"minecraft:fall_one_cm":627,"minecraft:fly_one_cm":10470},"minecraft:mined":{"dynamictrees:oak_leaves":2}},"DataVersion":3465}