{"stats":{"minecraft:killed":{"minecraft:zombie":2,"minecraft:chicken":2},"minecraft:custom":{"minecraft:time_since_rest":4662,"minecraft:sprint_one_cm":28502,"minecraft:damage_taken":410,"minecraft:walk_one_cm":11926,"minecraft:mob_kills":4,"minecraft:drop":1,"minecraft:damage_dealt":492,"minecraft:interact_with_crafting_table":2,"minecraft:fly_one_cm":45117,"minecraft:crouch_one_cm":143,"minecraft:play_time":6426,"minecraft:deaths":1,"minecraft:sneak_time":70,"minecraft:jump":167,"minecraft:leave_game":1,"minecraft:time_since_death":4539,"minecraft:total_world_time":6426,"minecraft:fall_one_cm":3553},"minecraft:dropped":{"gravestone:obituary":1},"minecraft:crafted":{"minecraft:oak_planks":8,"minecraft:crafting_table":1,"minecraft:wooden_pickaxe":1,"minecraft:stone_axe":1},"minecraft:picked_up":{"minecraft:stick":4,"minecraft:crafting_table":1,"minecraft:feather":1,"minecraft:chicken":2,"minecraft:red_mushroom":1,"projectvibrantjourneys:oak_hollow_log":4,"minecraft:dirt":11,"minecraft:moss_carpet":2,"minecraft:rotten_flesh":3,"minecraft:cobblestone":13},"minecraft:used":{"minecraft:wooden_pickaxe":29,"minecraft:stone_axe":4,"minecraft:dirt":1,"minecraft:crafting_table":2},"minecraft:mined":{"dynamictrees:oak_leaves":2,"minecraft:crafting_table":1,"minecraft:grass":2,"projectvibrantjourneys:twigs":5,"minecraft:grass_block":4,"projectvibrantjourneys:short_grass":3,"minecraft:dirt":7,"minecraft:stone":13,"projectvibrantjourneys:fallen_leaves":1,"projectvibrantjourneys:oak_hollow_log":4}},"DataVersion":3465}