{"stats":{"minecraft:killed_by":{"minecraft:zombie":1},"minecraft:killed":{"minecraft:vex":3,"minecraft:cave_spider":6,"minecraft:vindicator":1,"minecraft:spider":5,"born_in_chaos_v1:baby_skeleton_minion":4,"born_in_chaos_v1:maggot":16,"minecraft:skeleton":5,"minecraft:chicken":1,"undead_revamp2:thebidy":1,"minecraft:silverfish":2,"undead_revamp2:thepregnant":1,"born_in_chaos_v1:firelight_not_despawn":1,"minecraft:pig":1,"born_in_chaos_v1:bone_imp_minion":8,"minecraft:zombie_villager":1,"born_in_chaos_v1:baby_skeleton":1,"minecraft:sheep":6,"minecraft:pillager":1,"minecraft:zombie":43,"born_in_chaos_v1:dread_hound":2,"born_in_chaos_v1:bonescaller_not_despawn":1,"minecraft:stray":12,"minecraft:wither_skeleton":3,"minecraft:cow":3},"minecraft:custom":{"minecraft:mob_kills":138,"minecraft:interact_with_crafting_table":19,"minecraft:open_barrel":13,"minecraft:damage_dealt_resisted":794,"minecraft:leave_game":1,"minecraft:time_since_death":5417,"minecraft:climb_one_cm":5657,"minecraft:sprint_one_cm":436797,"minecraft:walk_one_cm":323794,"minecraft:drop":43,"minecraft:talked_to_villager":1,"minecraft:play_time":133675,"minecraft:deaths":16,"minecraft:sneak_time":173,"minecraft:walk_under_water_one_cm":18459,"minecraft:jump":1462,"minecraft:walk_on_water_one_cm":7783,"minecraft:total_world_time":133675,"minecraft:interact_with_furnace":13,"minecraft:sleep_in_bed":4,"minecraft:time_since_rest":5448,"minecraft:damage_taken":9638,"minecraft:damage_dealt":23059,"minecraft:swim_one_cm":31080,"minecraft:fly_one_cm":288908,"minecraft:open_chest":156,"minecraft:crouch_one_cm":632,"minecraft:fall_one_cm":33853},"minecraft:used":{"minecraft:stone_sword":268,"minecraft:chest":9,"minecraft:torch":68,"minecraft:dirt":9,"minecraft:wooden_axe":2,"minecraft:furnace":1,"minecraft:cooked_cod":2,"minecraft:stone_pickaxe":119,"minecraft:baked_potato":9,"minecraft:wooden_pickaxe":32,"minecraft:mossy_cobblestone":8,"minecraft:crafting_table":3,"minecraft:cod":2,"minecraft:bread":87,"minecraft:stone_axe":174,"travelersbackpack:standard":11,"minecraft:stripped_crimson_hyphae":1,"minecraft:andesite":32,"born_in_chaos_v1:wood_splitter_axe":142},"minecraft:crafted":{"minecraft:oak_planks":68,"regions_unexplored:maple_planks":36,"minecraft:furnace":1,"minecraft:stone_pickaxe":1,"minecraft:chest":9,"born_in_chaos_v1:pileof_dark_metal":2,"minecraft:wheat":324,"biomesoplenty:jacaranda_planks":20,"minecraft:crafting_table":3,"minecraft:wooden_pickaxe":1,"minecraft:iron_sword":2,"minecraft:stone_axe":1,"minecraft:bread":108,"minecraft:stick":16,"minecraft:wooden_axe":1,"minecraft:stone_sword":3},"minecraft:picked_up":{"minecraft:wheat":4,"minecraft:chicken":1,"born_in_chaos_v1:seedof_chaos":4,"minecraft:diamond_sword":2,"minecraft:lead":1,"minecraft:oak_stairs":2,"minecraft:potion":1,"minecraft:stone_brick_stairs":1,"minecraft:chain":1,"gravestone:obituary":8,"minecraft:shield":2,"minecraft:string":18,"minecraft:moss_carpet":3,"minecraft:iron_leggings":1,"minecraft:iron_shovel":1,"minecraft:gold_nugget":1,"minecraft:bucket":1,"minecraft:beef":6,"minecraft:melon_slice":3,"minecraft:chest":2,"minecraft:iron_boots":3,"minecraft:tipped_arrow":6,"minecraft:stick":6,"minecraft:stripped_crimson_hyphae":2,"cwsr:water_essence":1,"minecraft:torch":17,"minecraft:spruce_stairs":2,"minecraft:porkchop":1,"minecraft:carrot":1,"born_in_chaos_v1:pieceofdarkmetal":1,"depthcrawler:whiteshard":1,"minecraft:iron_horse_armor":1,"minecraft:quartz_block":1,"minecraft:arrow":22,"minecraft:rotten_flesh":56,"biomesoplenty:jacaranda_log":5,"born_in_chaos_v1:wood_splitter_axe":1,"minecraft:hay_block":36,"minecraft:saddle":1,"minecraft:gold_ingot":1,"minecraft:mutton":11,"undead_revamp2:arapholia":1,"minecraft:iron_bars":14,"minecraft:cobblestone":40,"minecraft:white_wool":5,"minecraft:stripped_oak_log":1,"biomesoplenty:lavender":6,"born_in_chaos_v1:corpse_maggot":9,"minecraft:leather_chestplate":3,"born_in_chaos_v1:monster_flesh":2,"born_in_chaos_v1:spiritual_dust":5,"minecraft:leather":3,"cwsr:earth_essence":1,"minecraft:oak_log":23,"minecraft:golden_boots":3,"minecraft:gunpowder":5,"minecraft:dirt":25,"cwsr:beast_essence":1,"born_in_chaos_v1:monster_skin":2,"minecraft:bone":42,"minecraft:stone_bricks":1,"minecraft:bow":1,"minecraft:wheat_seeds":4,"minecraft:iron_ingot":12,"minecraft:mossy_stone_bricks":3,"minecraft:iron_sword":2,"minecraft:oak_planks":5,"minecraft:mossy_stone_brick_stairs":4,"born_in_chaos_v1:orbofthe_summoner":1,"minecraft:sand":3,"minecraft:spider_eye":2,"minecraft:mossy_cobblestone":3,"travelersbackpack:standard":5,"minecraft:pumpkin_seeds":2,"minecraft:slime_ball":5,"born_in_chaos_v1:fire_dust":1,"minecraft:diamond":1,"minecraft:iron_helmet":1,"regions_unexplored:maple_log":9,"minecraft:golden_apple":2,"minecraft:mossy_cobblestone_stairs":1,"minecraft:chainmail_helmet":2,"minecraft:coal":1},"minecraft:broken":{"minecraft:stone_axe":1,"born_in_chaos_v1:wood_splitter_axe":1},"minecraft:dropped":{"minecraft:golden_boots":1,"minecraft:bread":27,"minecraft:iron_sword":1,"minecraft:wheat_seeds":1,"minecraft:mossy_cobblestone":1,"biomesoplenty:lavender":6,"minecraft:cobblestone":10,"minecraft:iron_horse_armor":1,"minecraft:chainmail_helmet":1,"minecraft:coal":4,"regions_unexplored:maple_planks":4,"minecraft:dirt":4,"minecraft:wooden_axe":1,"gravestone:obituary":8,"minecraft:gold_nugget":2,"minecraft:sand":3,"minecraft:string":3,"minecraft:gold_ingot":2,"minecraft:moss_carpet":2,"minecraft:wheat":1,"minecraft:iron_boots":1,"minecraft:pumpkin_seeds":2,"minecraft:leather_chestplate":1,"minecraft:shield":2,"minecraft:mossy_stone_bricks":2,"minecraft:chest":2,"minecraft:spruce_wood":5,"minecraft:stone_bricks":1,"minecraft:stripped_crimson_hyphae":1,"minecraft:wooden_pickaxe":1},"minecraft:mined":{"minecraft:mossy_cobblestone":2,"regions_unexplored:maple_log":9,"gravestone:gravestone":16,"minecraft:stripped_crimson_hyphae":1,"minecraft:grass_block":4,"regions_unexplored:maple_leaves":2,"minecraft:spawner":49,"minecraft:hay_block":36,"biomesoplenty:jacaranda_log":6,"minecraft:mossy_cobblestone_stairs":1,"biomesoplenty:lavender":6,"regions_unexplored:mossy_stone":1,"biomesoplenty:sea_oats":1,"minecraft:mossy_stone_brick_stairs":4,"minecraft:vine":10,"minecraft:iron_bars":14,"minecraft:stripped_oak_log":1,"regions_unexplored:medium_grass":3,"minecraft:stone":39,"minecraft:quartz_block":9,"minecraft:melon":1,"minecraft:tall_grass":1,"minecraft:oak_planks":5,"minecraft:wall_torch":3,"minecraft:spruce_stairs":2,"minecraft:chain":1,"minecraft:stone_brick_stairs":1,"minecraft:grass":8,"minecraft:oak_log":21,"minecraft:dirt":10,"minecraft:sand":3,"minecraft:cobweb":4,"minecraft:mossy_stone_bricks":1,"minecraft:oak_leaves":3}},"DataVersion":3465}