{"stats":{"minecraft:custom":{"minecraft:interact_with_crafting_table":41,"minecraft:open_barrel":37,"minecraft:leave_game":8,"minecraft:time_since_death":6693,"minecraft:sprint_one_cm":1675024,"minecraft:drop":226,"minecraft:talked_to_villager":1,"minecraft:play_time":562720,"minecraft:deaths":31,"minecraft:jump":8256,"minecraft:walk_on_water_one_cm":41275,"minecraft:interact_with_furnace":15,"minecraft:sleep_in_bed":9,"minecraft:damage_dealt":125483,"minecraft:player_kills":1,"minecraft:crouch_one_cm":84847,"minecraft:interact_with_smoker":1,"minecraft:mob_kills":580,"minecraft:damage_dealt_resisted":8383,"minecraft:climb_one_cm":21573,"minecraft:walk_one_cm":1218089,"minecraft:damage_dealt_absorbed":240,"minecraft:sneak_time":20413,"minecraft:walk_under_water_one_cm":29331,"minecraft:total_world_time":562720,"minecraft:time_since_rest":6731,"minecraft:damage_taken":31290,"minecraft:damage_absorbed":1008,"minecraft:swim_one_cm":88687,"minecraft:fly_one_cm":1604650,"minecraft:open_chest":672,"minecraft:fall_one_cm":279718},"minecraft:crafted":{"minecraft:oak_planks":76,"regions_unexplored:maple_planks":36,"cwsr:wind_boom":1,"minecraft:chest":40,"born_in_chaos_v1:pileof_dark_metal":2,"biomesoplenty:jacaranda_planks":20,"minecraft:crafting_table":8,"minecraft:wooden_pickaxe":1,"minecraft:iron_helmet":1,"minecraft:iron_pickaxe":2,"minecraft:stick":60,"minecraft:stone_sword":8,"cwsr:meteor_sword":1,"gamma_beasts:golden_berries":11,"vanillaplustools:iron_shovel":1,"minecraft:furnace":1,"minecraft:bone_meal":165,"minecraft:leather":4,"minecraft:stone_pickaxe":1,"minecraft:dark_oak_planks":8,"cwsr:sword_handle":2,"minecraft:wheat":324,"minecraft:iron_sword":2,"minecraft:stone_axe":1,"gamma_beasts:leather_saddle":1,"minecraft:bread":108,"regions_unexplored:redwood_planks":528,"gamma_beasts:sppinto_saddle":1,"minecraft:wooden_axe":1,"minecraft:iron_shovel":9},"minecraft:dropped":{"minecraft:iron_sword":1,"minecraft:porkchop":8,"minecraft:dark_oak_stairs":1,"minecraft:diamond_axe":1,"minecraft:oak_log":1,"minecraft:glow_berries":10,"orcz:blue_orcshroom":1,"minecraft:leather":1,"minecraft:mossy_stone_brick_stairs":2,"minecraft:iron_horse_armor":1,"minecraft:cracked_stone_bricks":3,"born_in_chaos_v1:pieceofdarkmetal":4,"regions_unexplored:redwood_sapling":2,"born_in_chaos_v1:nightmare_claw":1,"minecraft:rail":7,"minecraft:leather_helmet":2,"regions_unexplored:maple_planks":4,"born_in_chaos_v1:monster_flesh":2,"minecraft:dirt":28,"cwsr:wind_boom":1,"born_in_chaos_v1:phantom_powder":3,"born_in_chaos_v1:monster_skin":2,"minecraft:mutton":1,"minecraft:dark_oak_trapdoor":1,"gravestone:obituary":22,"minecraft:gold_nugget":2,"minecraft:sand":3,"minecraft:dark_oak_planks":2,"minecraft:birch_log":1,"minecraft:cyan_carpet":1,"minecraft:gold_ingot":2,"biomesoplenty:toadstool":2,"minecraft:chiseled_polished_blackstone":2,"minecraft:golden_chestplate":1,"minecraft:wheat":11,"minecraft:obsidian":6,"undead_revamp2:arapholia":1,"born_in_chaos_v1:ethereal_spirit":3,"minecraft:rotten_flesh":53,"minecraft:oak_planks":3,"regions_unexplored:redwood_planks":6,"orcz:orcshroom":1,"minecraft:chainmail_chestplate":1,"minecraft:rabbit_hide":1,"minecraft:leather_chestplate":3,"regions_unexplored:peat_dirt":1,"minecraft:tipped_arrow":3,"minecraft:gunpowder":13,"born_in_chaos_v1:fangofthe_hound_leader":1,"born_in_chaos_v1:corpse_maggot":9,"minecraft:leather_boots":3,"minecraft:chest":2,"minecraft:spruce_wood":5,"minecraft:leather_leggings":1,"minecraft:red_nether_bricks":1,"minecraft:iron_bars":14,"minecraft:beef":3,"cardinal_sins:stone_greatsword":1,"minecraft:stone_brick_stairs":4,"depthcrawler:greenshard":11,"minecraft:netherrack":1,"minecraft:egg":2,"minecraft:golden_boots":1,"minecraft:bread":27,"minecraft:wheat_seeds":17,"minecraft:mossy_cobblestone":4,"biomesoplenty:lavender":6,"minecraft:cobblestone":30,"orcz:orcagaric":2,"minecraft:activator_rail":4,"minecraft:chainmail_helmet":1,"minecraft:coal":4,"minecraft:stick":3,"minecraft:cobweb":4,"minecraft:wooden_axe":1,"born_in_chaos_v1:fused_bone":2,"minecraft:iron_door":1,"minecraft:iron_leggings":2,"minecraft:oak_stairs":1,"minecraft:mossy_cobblestone_stairs":1,"minecraft:chainmail_leggings":1,"minecraft:string":36,"depthcrawler:ancientmechanism":2,"minecraft:redstone":2,"minecraft:moss_carpet":2,"minecraft:sweet_berries":68,"minecraft:raw_iron":2,"minecraft:iron_boots":2,"orcz:ironscrap":1,"minecraft:nether_bricks":2,"minecraft:pumpkin_seeds":2,"mowziesmobs:glowing_jelly":3,"minecraft:shield":3,"orcz:orcteeth":9,"minecraft:diamond_chestplate":1,"minecraft:purple_bed":2,"minecraft:mossy_stone_bricks":3,"minecraft:golden_leggings":1,"minecraft:oak_sapling":2,"minecraft:stone_pressure_plate":1,"minecraft:spider_eye":5,"minecraft:stone_bricks":2,"minecraft:slime_ball":5,"minecraft:spruce_log":1,"minecraft:stripped_crimson_hyphae":1,"minecraft:bow":1,"minecraft:wooden_pickaxe":1,"minecraft:nether_brick_stairs":3,"minecraft:terracotta":4},"minecraft:broken":{"minecraft:iron_boots":1,"minecraft:iron_chestplate":1,"minecraft:stone_pickaxe":2,"minecraft:stone_axe":1,"born_in_chaos_v1:wood_splitter_axe":1,"minecraft:stone_sword":4,"minecraft:iron_pickaxe":2,"minecraft:iron_helmet":2},"minecraft:used":{"dungeonsweaponry:double_axe":190,"minecraft:iron_shovel":61,"minecraft:chest":42,"minecraft:tuff":7,"vanillaplustools:iron_shovel":234,"minecraft:stone_bricks":6,"minecraft:sweet_berries":17,"minecraft:cooked_cod":2,"minecraft:furnace":1,"minecraft:mossy_stone_bricks":1,"minecraft:stone_pickaxe":377,"minecraft:oak_planks":2,"minecraft:wooden_pickaxe":32,"minecraft:golden_apple":27,"cwsr:wind_boom":22,"minecraft:sand":2,"regions_unexplored:redwood_planks":272,"minecraft:bread":220,"minecraft:gravel":1,"cwsr:meteor_sword":1181,"minecraft:andesite":32,"minecraft:bone_meal":73,"minecraft:iron_bars":1,"minecraft:stone_sword":913,"born_in_chaos_v1:ethereal_spirit":7,"minecraft:torch":287,"minecraft:dirt":1529,"minecraft:wooden_axe":2,"minecraft:golden_carrot":21,"minecraft:beef":9,"minecraft:cobbled_deepslate":106,"minecraft:polished_andesite":13,"minecraft:baked_potato":14,"minecraft:cracked_stone_bricks":1,"minecraft:mossy_cobblestone":19,"anthropology_items__structures:hunters_machete":5,"minecraft:crafting_table":8,"minecraft:cod":2,"dungeonsweaponry:guardian_bow":9,"minecraft:apple":114,"minecraft:iron_pickaxe":775,"minecraft:stone_axe":174,"minecraft:cobblestone":129,"travelersbackpack:standard":62,"minecraft:stripped_crimson_hyphae":1,"born_in_chaos_v1:wood_splitter_axe":142,"minecraft:pumpkin_pie":26},"minecraft:killed_by":{"minecraft:zombie":1},"minecraft:mined":{"minecraft:dark_oak_planks":1,"minecraft:stone_pressure_plate":1,"regions_unexplored:maple_log":9,"minecraft:red_nether_bricks":1,"deep_dark_regrowth:fluorescent_moss":13,"minecraft:stripped_crimson_hyphae":1,"minecraft:chiseled_polished_blackstone":3,"minecraft:grass_block":468,"regions_unexplored:purple_coneflower":2,"minecraft:chiseled_stone_bricks":3,"minecraft:spawner":164,"minecraft:magma_block":2,"minecraft:mossy_cobblestone_slab":1,"minecraft:mossy_cobblestone_stairs":4,"minecraft:cobbled_deepslate":16,"minecraft:fire":18,"biomesoplenty:lavender":6,"regions_unexplored:mossy_stone":1,"regions_unexplored:redwood_planks":27,"minecraft:nether_brick_stairs":3,"minecraft:dark_oak_stairs":1,"minecraft:iron_bars":50,"minecraft:stripped_mangrove_wood":1,"minecraft:quartz_block":36,"deep_dark_regrowth:sculk_ribs":7,"minecraft:blast_furnace":3,"minecraft:melon":1,"minecraft:chest":2,"minecraft:cobblestone":32,"deep_dark_regrowth:overloaded_sculk":69,"minecraft:oak_planks":8,"minecraft:iron_door":1,"minecraft:wall_torch":5,"minecraft:chain":1,"minecraft:stone_brick_stairs":2,"minecraft:grass":14,"minecraft:oak_log":24,"minecraft:sand":3,"minecraft:dirt":1315,"minecraft:tripwire_hook":1,"dungeonsweaponry:emerald_pot":4,"minecraft:netherrack":4,"minecraft:deepslate":89,"minecraft:oak_leaves":10,"minecraft:tuff":31,"deep_dark_regrowth:plasma_block":31,"deep_dark_regrowth:sculk_soil":9,"minecraft:mossy_cobblestone":9,"minecraft:dark_oak_log":2,"minecraft:nether_bricks":7,"gravestone:gravestone":31,"regions_unexplored:maple_leaves":2,"minecraft:hay_block":36,"biomesoplenty:jacaranda_log":6,"minecraft:andesite":1,"minecraft:gold_block":61,"biomesoplenty:sea_oats":1,"minecraft:mossy_stone_brick_stairs":6,"minecraft:bookshelf":6,"minecraft:deepslate_iron_ore":2,"minecraft:vine":24,"crittersandcompanions:silk_cocoon":1,"minecraft:stripped_oak_log":1,"biomesoplenty:barley":5,"regions_unexplored:medium_grass":7,"minecraft:stone":184,"regions_unexplored:redwood_log":135,"regions_unexplored:windswept_grass":4,"minecraft:glass_pane":1,"travelersbackpack:standard":4,"minecraft:tall_grass":2,"minecraft:lapis_ore":3,"minecraft:sculk":211,"minecraft:spruce_stairs":2,"minecraft:black_stained_glass":1,"minecraft:purple_bed":1,"regions_unexplored:redwood_leaves":40,"minecraft:gravel":1,"minecraft:cyan_carpet":1,"minecraft:gray_carpet":1,"minecraft:cobweb":9,"minecraft:cracked_stone_bricks":4,"minecraft:terracotta":4,"minecraft:polished_andesite":9,"minecraft:stone_bricks":10,"minecraft:mossy_stone_bricks":3,"minecraft:fern":1},"minecraft:picked_up":{"minecraft:wheat":12,"minecraft:lead":1,"minecraft:diamond_sword":2,"minecraft:oak_stairs":3,"minecraft:potion":1,"minecraft:stone_brick_stairs":5,"depthcrawler:greenshard":11,"minecraft:string":72,"minecraft:dark_oak_trapdoor":1,"minecraft:red_nether_bricks":1,"minecraft:iron_leggings":3,"minecraft:activator_rail":4,"minecraft:gold_nugget":1,"minecraft:cobbled_deepslate":113,"minecraft:bucket":1,"born_in_chaos_v1:stimulating_decoction":1,"minecraft:melon_slice":3,"regions_unexplored:redwood_log":132,"minecraft:iron_boots":3,"minecraft:golden_helmet":1,"minecraft:tipped_arrow":17,"minecraft:stick":10,"cwsr:water_essence":1,"born_in_chaos_v1:phantom_powder":3,"minecraft:torch":25,"minecraft:spruce_stairs":2,"minecraft:porkchop":12,"orcz:squigs_claws":2,"born_in_chaos_v1:nightmare_claw":5,"cardinal_sins:stone_greatsword":1,"minecraft:golden_chestplate":2,"minecraft:quartz_block":8,"minecraft:rotten_flesh":246,"orcz:orcshroom":1,"minecraft:iron_bars":54,"undead_revamp2:arapholia":2,"minecraft:cobblestone":233,"biomesoplenty:lavender":6,"minecraft:birch_log":1,"minecraft:mossy_cobblestone_slab":1,"minecraft:leather_chestplate":6,"orcz:orcteeth":96,"minecraft:iron_door":1,"born_in_chaos_v1:spiritual_dust":5,"minecraft:andesite":1,"minecraft:golden_leggings":1,"minecraft:tuff":30,"deep_dark_regrowth:mossy_fluorite":52,"minecraft:lapis_lazuli":21,"minecraft:dirt":1641,"cwsr:beast_essence":1,"minecraft:name_tag":1,"born_in_chaos_v1:monster_skin":13,"minecraft:leather_boots":6,"minecraft:bone":131,"undead_revamp2:blacpetalblock":1,"minecraft:bow":5,"minecraft:wheat_seeds":22,"minecraft:raw_gold":3,"minecraft:mossy_stone_bricks":6,"minecraft:oak_planks":8,"minecraft:mossy_stone_brick_stairs":7,"biomesoplenty:toadstool":3,"minecraft:chiseled_polished_blackstone":2,"orcz:orcagaric":2,"orcz:blue_orcshroom":2,"minecraft:sand":5,"minecraft:nether_brick_stairs":3,"minecraft:barrel":2,"minecraft:diamond_block":3,"minecraft:dark_oak_log":2,"minecraft:mossy_cobblestone":10,"minecraft:polished_andesite":9,"born_in_chaos_v1:fire_dust":1,"minecraft:diamond":10,"minecraft:granite":17,"minecraft:golden_apple":2,"minecraft:chainmail_helmet":3,"minecraft:emerald":85,"minecraft:bread":6,"orcz:ironscrap":6,"minecraft:oak_sapling":2,"minecraft:netherrack":4,"minecraft:chicken":1,"born_in_chaos_v1:seedof_chaos":11,"minecraft:leather_leggings":1,"mowziesmobs:glowing_jelly":3,"minecraft:gold_block":61,"minecraft:chain":1,"gravestone:obituary":13,"minecraft:shield":4,"minecraft:moss_carpet":3,"minecraft:iron_shovel":1,"minecraft:cyan_carpet":1,"minecraft:cracked_stone_bricks":4,"minecraft:beef":6,"deep_dark_regrowth:sculk_soil":9,"born_in_chaos_v1:gnawed_bones":1,"regions_unexplored:redwood_planks":28,"minecraft:chest":4,"minecraft:egg":2,"depthcrawler:ancientmechanism":2,"minecraft:raw_iron":2,"minecraft:stripped_crimson_hyphae":2,"minecraft:stripped_mangrove_wood":1,"minecraft:copper_ingot":2,"orcz:orchorn":4,"born_in_chaos_v1:pieceofdarkmetal":20,"minecraft:carrot":1,"minecraft:redstone":4,"depthcrawler:whiteshard":1,"minecraft:stone_pressure_plate":1,"minecraft:iron_horse_armor":1,"dungeonsweaponry:whispering_spear":1,"minecraft:dark_oak_planks":3,"regions_unexplored:purple_coneflower":6,"minecraft:arrow":75,"minecraft:diamond_chestplate":2,"biomesoplenty:jacaranda_log":5,"born_in_chaos_v1:wood_splitter_axe":1,"minecraft:beetroot_seeds":4,"minecraft:nether_bricks":7,"minecraft:hay_block":36,"crittersandcompanions:silk":4,"minecraft:saddle":1,"minecraft:gold_ingot":1,"minecraft:mutton":12,"minecraft:rail":7,"deep_dark_regrowth:sculk_bone":8,"minecraft:white_wool":6,"born_in_chaos_v1:fused_bone":2,"minecraft:stripped_oak_log":1,"born_in_chaos_v1:corpse_maggot":24,"regions_unexplored:peat_dirt":1,"born_in_chaos_v1:monster_flesh":22,"minecraft:leather":4,"cwsr:earth_essence":1,"gamma_beasts:bird_thigh":1,"minecraft:oak_log":27,"minecraft:chainmail_chestplate":2,"minecraft:golden_boots":3,"minecraft:gunpowder":19,"minecraft:cobblestone_stairs":1,"minecraft:stone_bricks":11,"minecraft:gray_carpet":1,"mowziesmobs:foliaath_seed":2,"minecraft:rabbit_hide":1,"minecraft:iron_ingot":15,"regions_unexplored:redwood_sapling":3,"minecraft:cobweb":4,"minecraft:iron_sword":2,"minecraft:dark_oak_stairs":2,"minecraft:book":6,"deep_dark_regrowth:plasma_chunk":34,"minecraft:sweet_berries":84,"minecraft:chiseled_stone_bricks":3,"born_in_chaos_v1:lifestealer_bone":3,"born_in_chaos_v1:orbofthe_summoner":1,"born_in_chaos_v1:ethereal_spirit":15,"orcz:bone_1deco":2,"minecraft:gravel":1,"born_in_chaos_v1:fangofthe_hound_leader":2,"minecraft:blast_furnace":3,"minecraft:spruce_log":1,"minecraft:spider_eye":8,"minecraft:leather_helmet":2,"undead_revamp2:rawbostrox":3,"travelersbackpack:standard":9,"minecraft:pumpkin_seeds":2,"minecraft:purple_bed":2,"minecraft:slime_ball":10,"minecraft:chainmail_leggings":2,"minecraft:iron_helmet":1,"minecraft:diamond_axe":1,"regions_unexplored:maple_log":9,"minecraft:mossy_cobblestone_stairs":5,"dungeonsweaponry:glaive":1,"minecraft:terracotta":4,"minecraft:baked_potato":1,"orcz:orceye":2,"minecraft:melon_seeds":4,"depthcrawler:hauntedcavedeepplush":1,"minecraft:coal":8},"minecraft:killed":{"born_in_chaos_v1:lifestealer_true_form":1,"born_in_chaos_v1:zombie_clown":2,"minecraft:cave_spider":15,"orcz:goblinshield":2,"born_in_chaos_v1:restless_spirit":4,"born_in_chaos_v1:zombie_lumberjack":1,"minecraft:spider":34,"dungeonsweaponry:enchanter":3,"undead_revamp2:thesmoker":5,"born_in_chaos_v1:siamese_skeletonsright":1,"creeperoverhaul:bamboo_creeper":1,"born_in_chaos_v1:scarlet_persecutor":3,"born_in_chaos_v1:baby_skeleton_minion":4,"undead_revamp2:theswarmer":2,"minecraft:skeleton":49,"minecraft:bee":4,"creeperoverhaul:dark_oak_creeper":1,"orcz:goblinsavagebomb":1,"minecraft:chicken":1,"minecraft:silverfish":4,"undead_revamp2:therod":1,"orcz:squig":2,"undead_revamp2:thepregnant":2,"born_in_chaos_v1:firelight_not_despawn":1,"undead_revamp2:thespitter":3,"depthcrawler:cavedeep":10,"gamma_beasts:muba_c":1,"minecraft:pig":2,"minecraft:zombie_villager":3,"orcz:goblinsavagemace":2,"undead_revamp2:theheavy":1,"orcz:goblinwerid":1,"dungeonsweaponry:nameless_one":1,"minecraft:creeper":8,"orcz:invinciblespore":1,"minecraft:sheep":7,"mowziesmobs:lantern":1,"minecraft:pillager":1,"minecraft:zombie":102,"born_in_chaos_v1:dread_hound":6,"born_in_chaos_v1:corpse_fly":5,"orcz:bigorcboss":4,"minecraft:stray":26,"dungeonsweaponry:geomancer":1,"undead_revamp2:propball_1":3,"born_in_chaos_v1:door_knight":2,"orcz:snot":10,"orcz:orcsavage_2sword":6,"orcz:orcshield":7,"born_in_chaos_v1:siamese_skeletonsleft":1,"minecraft:cow":3,"cardinal_sins:skeletonofgluttony":2,"minecraft:vex":3,"undead_revamp2:thehunter":2,"dungeonsweaponry:vanguard":3,"minecraft:vindicator":1,"undead_revamp2:bomber":5,"born_in_chaos_v1:zombie_bruiser":3,"born_in_chaos_v1:maggot":35,"minecraft:phantom":1,"gamma_beasts:sppinto_a":1,"born_in_chaos_v1:dire_hound_leader":1,"undead_revamp2:thebidy":1,"orcz:orcsavagemace":6,"orcz:orcsavageweird":2,"undead_revamp2:sucker":1,"born_in_chaos_v1:spiritof_chaos":3,"born_in_chaos_v1:fallen_chaos_knight":3,"minecraft:husk":14,"born_in_chaos_v1:bone_imp_minion":8,"born_in_chaos_v1:baby_skeleton":5,"creeperoverhaul:spruce_creeper":1,"undead_revamp2:the_moonflower":25,"depthcrawler:oceanicdeep":1,"born_in_chaos_v1:decrepit_skeleton":12,"born_in_chaos_v1:phantom_creeper_copy":2,"born_in_chaos_v1:bonescaller_not_despawn":1,"born_in_chaos_v1:dark_vortex":1,"born_in_chaos_v1:nightmare_stalker":5,"minecraft:wither_skeleton":20,"orcz:goblin_2sword":2,"minecraft:villager":2}},"DataVersion":3465}