{"stats":{"minecraft:custom":{"minecraft:interact_with_crafting_table":26,"minecraft:open_barrel":33,"minecraft:leave_game":3,"minecraft:time_since_death":10136,"minecraft:sprint_one_cm":1201659,"minecraft:drop":107,"minecraft:talked_to_villager":1,"minecraft:play_time":332770,"minecraft:deaths":24,"minecraft:jump":5179,"minecraft:walk_on_water_one_cm":37437,"minecraft:interact_with_furnace":15,"minecraft:sleep_in_bed":9,"minecraft:damage_dealt":81754,"minecraft:crouch_one_cm":3649,"minecraft:mob_kills":377,"minecraft:damage_dealt_resisted":3020,"minecraft:climb_one_cm":15764,"minecraft:walk_one_cm":775698,"minecraft:sneak_time":2428,"minecraft:walk_under_water_one_cm":26898,"minecraft:total_world_time":332770,"minecraft:time_since_rest":10168,"minecraft:damage_taken":21154,"minecraft:damage_absorbed":488,"minecraft:swim_one_cm":73736,"minecraft:fly_one_cm":1069480,"minecraft:open_chest":388,"minecraft:fall_one_cm":186399},"minecraft:picked_up":{"minecraft:wheat":4,"minecraft:lead":1,"minecraft:diamond_sword":2,"minecraft:oak_stairs":2,"minecraft:potion":1,"minecraft:stone_brick_stairs":2,"minecraft:string":65,"minecraft:dark_oak_trapdoor":1,"minecraft:iron_leggings":2,"minecraft:gold_nugget":1,"minecraft:bucket":1,"born_in_chaos_v1:stimulating_decoction":1,"minecraft:melon_slice":3,"minecraft:iron_boots":3,"minecraft:tipped_arrow":14,"minecraft:stick":6,"cwsr:water_essence":1,"minecraft:torch":23,"minecraft:spruce_stairs":2,"minecraft:porkchop":4,"orcz:squigs_claws":2,"born_in_chaos_v1:nightmare_claw":2,"cardinal_sins:stone_greatsword":1,"minecraft:golden_chestplate":2,"minecraft:quartz_block":8,"minecraft:rotten_flesh":143,"orcz:orcshroom":1,"minecraft:iron_bars":41,"undead_revamp2:arapholia":1,"minecraft:cobblestone":162,"biomesoplenty:lavender":6,"minecraft:leather_chestplate":4,"minecraft:mossy_cobblestone_slab":1,"orcz:orcteeth":96,"born_in_chaos_v1:spiritual_dust":5,"minecraft:andesite":1,"minecraft:golden_leggings":1,"minecraft:lapis_lazuli":21,"minecraft:dirt":83,"cwsr:beast_essence":1,"minecraft:name_tag":1,"born_in_chaos_v1:monster_skin":4,"minecraft:leather_boots":1,"minecraft:bone":97,"undead_revamp2:blacpetalblock":1,"minecraft:bow":2,"minecraft:wheat_seeds":7,"minecraft:mossy_stone_bricks":4,"minecraft:oak_planks":8,"minecraft:mossy_stone_brick_stairs":5,"biomesoplenty:toadstool":3,"minecraft:chiseled_polished_blackstone":2,"orcz:orcagaric":2,"minecraft:sand":5,"orcz:blue_orcshroom":2,"minecraft:diamond_block":3,"minecraft:dark_oak_log":2,"minecraft:mossy_cobblestone":9,"minecraft:polished_andesite":9,"born_in_chaos_v1:fire_dust":1,"minecraft:diamond":10,"minecraft:granite":17,"minecraft:golden_apple":2,"minecraft:emerald":85,"minecraft:chainmail_helmet":3,"minecraft:bread":4,"orcz:ironscrap":6,"minecraft:oak_sapling":2,"minecraft:chicken":1,"minecraft:leather_leggings":1,"born_in_chaos_v1:seedof_chaos":9,"minecraft:gold_block":61,"minecraft:chain":1,"gravestone:obituary":9,"minecraft:shield":4,"minecraft:moss_carpet":3,"minecraft:iron_shovel":1,"minecraft:cyan_carpet":1,"minecraft:cracked_stone_bricks":1,"minecraft:beef":6,"minecraft:chest":2,"minecraft:stripped_crimson_hyphae":2,"minecraft:stripped_mangrove_wood":1,"orcz:orchorn":4,"born_in_chaos_v1:pieceofdarkmetal":14,"minecraft:carrot":1,"depthcrawler:whiteshard":1,"minecraft:iron_horse_armor":1,"dungeonsweaponry:whispering_spear":1,"minecraft:dark_oak_planks":3,"regions_unexplored:purple_coneflower":6,"minecraft:arrow":59,"biomesoplenty:jacaranda_log":5,"born_in_chaos_v1:wood_splitter_axe":1,"minecraft:beetroot_seeds":4,"minecraft:hay_block":36,"crittersandcompanions:silk":4,"minecraft:saddle":1,"minecraft:gold_ingot":1,"minecraft:mutton":12,"minecraft:white_wool":6,"born_in_chaos_v1:fused_bone":2,"minecraft:stripped_oak_log":1,"born_in_chaos_v1:corpse_maggot":19,"regions_unexplored:peat_dirt":1,"born_in_chaos_v1:monster_flesh":8,"minecraft:leather":3,"cwsr:earth_essence":1,"minecraft:oak_log":26,"minecraft:chainmail_chestplate":2,"minecraft:golden_boots":3,"minecraft:gunpowder":5,"minecraft:cobblestone_stairs":1,"minecraft:gray_carpet":1,"minecraft:stone_bricks":10,"minecraft:rabbit_hide":1,"minecraft:iron_ingot":12,"minecraft:iron_sword":2,"minecraft:dark_oak_stairs":2,"minecraft:book":6,"minecraft:chiseled_stone_bricks":3,"born_in_chaos_v1:lifestealer_bone":3,"born_in_chaos_v1:orbofthe_summoner":1,"born_in_chaos_v1:ethereal_spirit":6,"orcz:bone_1deco":2,"minecraft:gravel":1,"minecraft:blast_furnace":3,"minecraft:spider_eye":7,"travelersbackpack:standard":8,"minecraft:pumpkin_seeds":2,"minecraft:purple_bed":2,"minecraft:slime_ball":5,"minecraft:chainmail_leggings":1,"minecraft:iron_helmet":1,"regions_unexplored:maple_log":9,"minecraft:mossy_cobblestone_stairs":4,"dungeonsweaponry:glaive":1,"minecraft:terracotta":4,"orcz:orceye":2,"minecraft:melon_seeds":4,"minecraft:coal":8},"minecraft:mined":{"minecraft:dark_oak_planks":1,"regions_unexplored:maple_log":9,"minecraft:stripped_crimson_hyphae":1,"minecraft:chiseled_polished_blackstone":3,"minecraft:grass_block":7,"regions_unexplored:purple_coneflower":2,"minecraft:chiseled_stone_bricks":3,"minecraft:spawner":122,"minecraft:mossy_cobblestone_slab":1,"minecraft:mossy_cobblestone_stairs":3,"minecraft:fire":18,"biomesoplenty:lavender":6,"regions_unexplored:mossy_stone":1,"minecraft:dark_oak_stairs":1,"minecraft:iron_bars":39,"minecraft:stripped_mangrove_wood":1,"minecraft:quartz_block":33,"minecraft:blast_furnace":3,"minecraft:melon":1,"minecraft:cobblestone":15,"minecraft:oak_planks":8,"minecraft:wall_torch":5,"minecraft:chain":1,"minecraft:stone_brick_stairs":2,"minecraft:grass":10,"minecraft:oak_log":24,"minecraft:sand":3,"minecraft:dirt":16,"dungeonsweaponry:emerald_pot":4,"minecraft:tripwire_hook":1,"minecraft:oak_leaves":4,"minecraft:mossy_cobblestone":7,"minecraft:dark_oak_log":2,"gravestone:gravestone":24,"regions_unexplored:maple_leaves":2,"minecraft:hay_block":36,"biomesoplenty:jacaranda_log":6,"minecraft:andesite":1,"minecraft:gold_block":61,"biomesoplenty:sea_oats":1,"minecraft:mossy_stone_brick_stairs":4,"minecraft:bookshelf":4,"minecraft:vine":13,"crittersandcompanions:silk_cocoon":1,"minecraft:stripped_oak_log":1,"biomesoplenty:barley":5,"regions_unexplored:medium_grass":4,"minecraft:stone":132,"minecraft:glass_pane":1,"travelersbackpack:standard":3,"minecraft:tall_grass":1,"minecraft:lapis_ore":3,"minecraft:spruce_stairs":2,"minecraft:purple_bed":1,"minecraft:cyan_carpet":1,"minecraft:gray_carpet":1,"minecraft:cobweb":9,"minecraft:cracked_stone_bricks":1,"minecraft:terracotta":4,"minecraft:polished_andesite":9,"minecraft:stone_bricks":9,"minecraft:mossy_stone_bricks":2,"minecraft:fern":1},"minecraft:broken":{"minecraft:iron_chestplate":1,"minecraft:stone_pickaxe":2,"minecraft:stone_axe":1,"born_in_chaos_v1:wood_splitter_axe":1,"minecraft:stone_sword":4,"minecraft:iron_helmet":2},"minecraft:killed":{"born_in_chaos_v1:lifestealer_true_form":1,"born_in_chaos_v1:zombie_clown":1,"minecraft:cave_spider":10,"orcz:goblinshield":2,"born_in_chaos_v1:restless_spirit":3,"minecraft:spider":27,"undead_revamp2:thesmoker":2,"born_in_chaos_v1:siamese_skeletonsright":1,"born_in_chaos_v1:baby_skeleton_minion":4,"undead_revamp2:theswarmer":1,"minecraft:skeleton":27,"minecraft:bee":2,"orcz:goblinsavagebomb":1,"minecraft:chicken":1,"minecraft:silverfish":2,"orcz:squig":2,"undead_revamp2:thepregnant":1,"born_in_chaos_v1:firelight_not_despawn":1,"undead_revamp2:thespitter":1,"minecraft:pig":2,"minecraft:zombie_villager":2,"orcz:goblinsavagemace":2,"orcz:goblinwerid":1,"dungeonsweaponry:nameless_one":1,"minecraft:creeper":1,"orcz:invinciblespore":1,"minecraft:sheep":7,"minecraft:pillager":1,"minecraft:zombie":75,"born_in_chaos_v1:dread_hound":2,"born_in_chaos_v1:corpse_fly":1,"orcz:bigorcboss":4,"minecraft:stray":22,"dungeonsweaponry:geomancer":1,"undead_revamp2:propball_1":3,"orcz:snot":10,"orcz:orcsavage_2sword":6,"orcz:orcshield":7,"born_in_chaos_v1:siamese_skeletonsleft":1,"minecraft:cow":3,"cardinal_sins:skeletonofgluttony":2,"minecraft:vex":3,"dungeonsweaponry:vanguard":3,"minecraft:vindicator":1,"born_in_chaos_v1:zombie_bruiser":1,"born_in_chaos_v1:maggot":29,"undead_revamp2:thebidy":1,"orcz:orcsavagemace":6,"orcz:orcsavageweird":2,"undead_revamp2:sucker":1,"born_in_chaos_v1:spiritof_chaos":1,"born_in_chaos_v1:fallen_chaos_knight":1,"minecraft:husk":14,"born_in_chaos_v1:bone_imp_minion":8,"born_in_chaos_v1:baby_skeleton":1,"undead_revamp2:the_moonflower":8,"born_in_chaos_v1:decrepit_skeleton":7,"born_in_chaos_v1:bonescaller_not_despawn":1,"born_in_chaos_v1:nightmare_stalker":2,"minecraft:wither_skeleton":17,"orcz:goblin_2sword":2,"minecraft:villager":2},"minecraft:crafted":{"minecraft:oak_planks":76,"regions_unexplored:maple_planks":36,"cwsr:wind_boom":1,"minecraft:chest":9,"born_in_chaos_v1:pileof_dark_metal":2,"biomesoplenty:jacaranda_planks":20,"minecraft:crafting_table":4,"minecraft:wooden_pickaxe":1,"minecraft:iron_helmet":1,"minecraft:stick":32,"minecraft:stone_sword":8,"cwsr:meteor_sword":1,"minecraft:furnace":1,"minecraft:stone_pickaxe":1,"minecraft:dark_oak_planks":8,"cwsr:sword_handle":2,"minecraft:wheat":324,"minecraft:iron_sword":2,"minecraft:stone_axe":1,"minecraft:bread":108,"minecraft:wooden_axe":1},"minecraft:dropped":{"minecraft:iron_sword":1,"minecraft:dark_oak_stairs":1,"orcz:blue_orcshroom":1,"minecraft:iron_horse_armor":1,"born_in_chaos_v1:nightmare_claw":1,"regions_unexplored:maple_planks":4,"born_in_chaos_v1:monster_flesh":2,"minecraft:dirt":4,"cwsr:wind_boom":1,"born_in_chaos_v1:monster_skin":2,"minecraft:mutton":1,"minecraft:dark_oak_trapdoor":1,"gravestone:obituary":11,"minecraft:gold_nugget":2,"minecraft:sand":3,"minecraft:dark_oak_planks":2,"minecraft:cyan_carpet":1,"minecraft:gold_ingot":2,"biomesoplenty:toadstool":2,"minecraft:chiseled_polished_blackstone":2,"minecraft:golden_chestplate":1,"minecraft:wheat":1,"born_in_chaos_v1:ethereal_spirit":1,"minecraft:rotten_flesh":12,"minecraft:oak_planks":3,"orcz:orcshroom":1,"minecraft:chainmail_chestplate":1,"minecraft:rabbit_hide":1,"minecraft:leather_chestplate":1,"regions_unexplored:peat_dirt":1,"minecraft:tipped_arrow":1,"minecraft:gunpowder":7,"born_in_chaos_v1:corpse_maggot":9,"minecraft:chest":2,"minecraft:spruce_wood":5,"minecraft:leather_leggings":1,"minecraft:iron_bars":6,"cardinal_sins:stone_greatsword":1,"minecraft:stone_brick_stairs":1,"minecraft:golden_boots":1,"minecraft:bread":27,"minecraft:wheat_seeds":2,"minecraft:mossy_cobblestone":3,"biomesoplenty:lavender":6,"minecraft:cobblestone":28,"orcz:orcagaric":2,"minecraft:chainmail_helmet":1,"minecraft:coal":4,"minecraft:wooden_axe":1,"born_in_chaos_v1:fused_bone":2,"minecraft:chainmail_leggings":1,"minecraft:string":30,"minecraft:moss_carpet":2,"minecraft:iron_boots":2,"orcz:ironscrap":1,"minecraft:pumpkin_seeds":2,"minecraft:shield":3,"orcz:orcteeth":9,"minecraft:purple_bed":2,"minecraft:mossy_stone_bricks":2,"minecraft:golden_leggings":1,"minecraft:oak_sapling":2,"minecraft:stone_bricks":1,"minecraft:spider_eye":4,"minecraft:stripped_crimson_hyphae":1,"minecraft:wooden_pickaxe":1,"minecraft:terracotta":4},"minecraft:killed_by":{"minecraft:zombie":1},"minecraft:used":{"minecraft:chest":9,"minecraft:stone_bricks":6,"minecraft:cooked_cod":2,"minecraft:furnace":1,"minecraft:stone_pickaxe":377,"minecraft:oak_planks":2,"minecraft:wooden_pickaxe":32,"minecraft:golden_apple":14,"cwsr:wind_boom":22,"minecraft:sand":2,"minecraft:bread":206,"minecraft:gravel":1,"cwsr:meteor_sword":508,"minecraft:andesite":32,"minecraft:stone_sword":913,"born_in_chaos_v1:ethereal_spirit":7,"minecraft:torch":184,"minecraft:dirt":41,"minecraft:wooden_axe":2,"minecraft:polished_andesite":13,"minecraft:baked_potato":10,"minecraft:cracked_stone_bricks":1,"minecraft:mossy_cobblestone":19,"minecraft:crafting_table":4,"minecraft:cod":2,"minecraft:apple":51,"minecraft:iron_pickaxe":124,"minecraft:stone_axe":174,"minecraft:cobblestone":69,"travelersbackpack:standard":29,"minecraft:stripped_crimson_hyphae":1,"born_in_chaos_v1:wood_splitter_axe":142}},"DataVersion":3465}