{"stats":{"minecraft:picked_up":{"minecraft:coarse_dirt":16,"minecraft:crafting_table":1,"minecraft:iron_chestplate":1,"minecraft:chainmail_boots":1,"minecraft:chicken":1,"minecraft:leather_leggings":1,"tombstone:grave_key":1,"minecraft:shield":2,"minecraft:string":1,"minecraft:moss_carpet":1,"minecraft:iron_leggings":1,"bloodandmadness:blood_vial":5,"minecraft:cracked_stone_bricks":1,"minecraft:spruce_planks":2,"minecraft:melon_slice":191,"minecraft:sugar_cane":2,"alexsmobs:leafcutter_ant_chamber":15,"minecraft:stick":4,"undead_revamp2:suckermemebrane":5,"minecraft:big_dripleaf":1,"minecraft:torch":9,"minecraft:porkchop":3,"tombstone:grave_dust":9,"minecraft:carrot":1,"alexsmobs:leafcutter_ant_pupa":7,"bloodandmadness:beastblood_clump":1,"minecraft:dark_oak_planks":2,"minecraft:quartz_block":1,"minecraft:arrow":21,"minecraft:rotten_flesh":64,"minecraft:diamond_chestplate":1,"biomesoplenty:mahogany_sapling":5,"bloodandmadness:sanguisteel_nugget":1,"tombstone:essence_of_undeath":1,"minecraft:iron_bars":8,"minecraft:cobblestone":29,"minecraft:feather":2,"knighys_additions:nerium":3,"minecraft:jungle_log":4,"minecraft:dark_oak_boat":1,"minecraft:golden_leggings":1,"minecraft:potato":1,"minecraft:oak_log":1,"minecraft:gunpowder":9,"minecraft:dirt":291,"minecraft:leather_boots":2,"minecraft:bone":18,"minecraft:wheat_seeds":34,"tombstone:bag_of_seeds":1,"biomesoplenty:mahogany_planks":23,"minecraft:pitcher_plant":1,"minecraft:nether_brick_stairs":4,"minecraft:spruce_log":6,"minecraft:dark_oak_log":10,"undead_revamp2:heavytooth":1,"undead_revamp2:rawbostrox":3,"biomesoplenty:mahogany_log":158,"minecraft:stone_axe":1,"minecraft:chainmail_leggings":1,"minecraft:iron_helmet":1,"soulsweapons:verglas":1,"minecraft:rooted_dirt":17,"tombstone:magic_scroll":2,"minecraft:coal":4},"minecraft:used":{"biomesoplenty:mahogany_planks":85,"minecraft:stone_sword":10,"minecraft:chest":3,"minecraft:spruce_planks":16,"minecraft:shield":16,"minecraft:iron_sword":92,"minecraft:rotten_flesh":71,"minecraft:torch":73,"minecraft:dirt":128,"simplyswords:diamond_sai":206,"minecraft:carrot":7,"minecraft:wooden_axe":17,"minecraft:iron_axe":137,"biomesoplenty:mahogany_sapling":1,"minecraft:dark_oak_boat":1,"minecraft:pitcher_plant":1,"tombstone:gift":2,"minecraft:stone_pickaxe":52,"minecraft:baked_potato":3,"minecraft:wooden_pickaxe":16,"minecraft:jungle_boat":1,"biomesoplenty:mahogany_log":23,"minecraft:crafting_table":4,"alexsmobs:leafcutter_ant_pupa":1,"minecraft:diamond_shovel":388,"minecraft:melon_slice":125,"minecraft:iron_pickaxe":14,"minecraft:stone_axe":162,"minecraft:diamond_sword":162},"minecraft:dropped":{"minecraft:nether_brick_stairs":4,"biomesoplenty:mahogany_planks":12,"tombstone:grave_key":2,"minecraft:wooden_axe":1,"minecraft:jungle_boat":1,"minecraft:chainmail_leggings":1,"minecraft:dark_oak_planks":2,"minecraft:dark_oak_boat":1,"minecraft:stone_axe":1,"minecraft:golden_chestplate":1,"minecraft:stone_sword":1,"knighys_additions:nerium":2,"minecraft:leather_chestplate":1,"minecraft:potato":5,"minecraft:shield":1,"minecraft:gunpowder":1,"minecraft:iron_chestplate":1,"minecraft:chainmail_boots":1,"minecraft:stone_pickaxe":1,"minecraft:wooden_pickaxe":1},"minecraft:killed":{"undead_revamp2:thewolf":1,"minecraft:cave_spider":3,"undead_revamp2:bigsucker":1,"bloodandmadness:church_doctor":1,"undead_revamp2:thehunter":2,"bloodandmadness:cloaked_beast_patient":3,"minecraft:spider":3,"minecraft:skeleton":15,"bloodandmadness:beast_patient":1,"alexsmobs:leafcutter_ant":12,"minecraft:chicken":1,"minecraft:silverfish":1,"undead_revamp2:sucker":6,"knighys_additions:rabble":1,"minecraft:pig":1,"enemyexpansion:ladybug":1,"undead_revamp2:the_moonflower":5,"minecraft:creeper":9,"minecraft:zombie":27,"enemyexpansion:huntsman":1,"minecraft:stray":3,"minecraft:wither_skeleton":4,"enemyexpansion:slugger":1},"minecraft:mined":{"minecraft:dark_oak_planks":2,"knighys_additions:nerium":2,"minecraft:spruce_planks":3,"minecraft:dark_oak_leaves":6,"alexsmobs:leafcutter_anthill":2,"minecraft:dark_oak_log":10,"minecraft:grass_block":189,"minecraft:jungle_log":4,"alexsmobs:leafcutter_ant_chamber":21,"minecraft:rooted_dirt":23,"minecraft:spawner":21,"minecraft:mossy_cobblestone_stairs":3,"minecraft:nether_brick_stairs":4,"minecraft:vine":2,"biomesoplenty:mahogany_leaves":9,"minecraft:iron_bars":16,"minecraft:stone":22,"minecraft:quartz_block":4,"minecraft:crafting_table":1,"minecraft:torch":1,"minecraft:melon":23,"biomesoplenty:mahogany_planks":10,"minecraft:sugar_cane":1,"minecraft:wall_torch":1,"minecraft:big_dripleaf":1,"minecraft:coarse_dirt":20,"biomesoplenty:mahogany_log":169,"minecraft:spruce_log":6,"minecraft:grass":19,"minecraft:coal_ore":4,"minecraft:oak_log":1,"minecraft:pitcher_crop":1,"minecraft:dirt":107,"minecraft:cracked_stone_bricks":1,"minecraft:oak_leaves":1,"minecraft:fern":103,"soulsweapons:verglas_ore":1},"minecraft:custom":{"minecraft:mob_kills":106,"minecraft:interact_with_crafting_table":16,"minecraft:damage_dealt_resisted":32,"minecraft:time_since_death":34227,"minecraft:climb_one_cm":9403,"minecraft:sprint_one_cm":434456,"minecraft:walk_one_cm":317185,"minecraft:damage_blocked_by_shield":708,"minecraft:drop":21,"minecraft:play_time":123547,"minecraft:deaths":5,"minecraft:sneak_time":4451,"minecraft:walk_under_water_one_cm":4662,"minecraft:boat_one_cm":84375,"minecraft:jump":2005,"minecraft:walk_on_water_one_cm":9410,"minecraft:total_world_time":123547,"minecraft:time_since_rest":33182,"minecraft:damage_taken":4597,"minecraft:damage_dealt":22566,"minecraft:swim_one_cm":22170,"minecraft:fly_one_cm":362422,"minecraft:open_chest":59,"minecraft:crouch_one_cm":15744,"tombstone:undead_killed":66,"minecraft:fall_one_cm":34501},"minecraft:broken":{"minecraft:leather_boots":1,"minecraft:stone_axe":1},"minecraft:crafted":{"minecraft:dark_oak_boat":1,"biomesoplenty:mahogany_planks":116,"minecraft:iron_axe":1,"minecraft:stone_pickaxe":1,"minecraft:chest":3,"minecraft:dark_oak_planks":40,"minecraft:crafting_table":4,"minecraft:spruce_planks":24,"minecraft:jungle_boat":2,"minecraft:wooden_pickaxe":1,"minecraft:stone_axe":2,"minecraft:jungle_planks":16,"minecraft:shield":1,"minecraft:stick":24,"minecraft:wooden_axe":1,"minecraft:stone_sword":1,"minecraft:torch":16}},"DataVersion":3465}