{"stats":{"minecraft:used":{"minecraft:stone_pickaxe":110,"minecraft:wooden_pickaxe":25,"minecraft:rotten_flesh":1,"minecraft:dirt":5,"minecraft:mutton":4,"minecraft:crafting_table":2,"minecraft:stone_axe":41,"immersive_weathering:permafrost":5,"minecraft:furnace":1},"minecraft:killed_by":{"minecraft:player":1},"minecraft:dropped":{"minecraft:moss_carpet":8,"minecraft:sweet_berries":3,"minecraft:brown_mushroom":4,"minecraft:crafting_table":1,"projectvibrantjourneys:spruce_hollow_log":1,"minecraft:cobblestone":3,"dynamictrees:spruce_seed":1,"projectvibrantjourneys:orange_bark_mushroom":7,"minecraft:stick":12,"minecraft:dirt":1,"projectvibrantjourneys:light_brown_bark_mushroom":1,"minecraft:spruce_planks":1,"minecraft:andesite":7,"gravestone:obituary":1,"minecraft:spider_eye":1,"minecraft:arrow":2,"minecraft:wooden_pickaxe":1,"minecraft:bone":11},"minecraft:picked_up":{"minecraft:crafting_table":1,"minecraft:andesite":7,"minecraft:brown_mushroom":4,"dynamictrees:spruce_seed":2,"minecraft:wooden_pickaxe":1,"minecraft:red_mushroom":1,"gravestone:obituary":1,"projectvibrantjourneys:spruce_hollow_log":5,"minecraft:dirt":6,"minecraft:moss_carpet":8,"minecraft:bone":11,"minecraft:wheat_seeds":2,"spore:mutated_fiber":2,"projectvibrantjourneys:light_brown_bark_mushroom":1,"minecraft:stick":11,"minecraft:sweet_berries":3,"projectvibrantjourneys:bark_mushroom":2,"pointblank:gunmetal_nugget":22,"minecraft:spruce_log":17,"immersive_weathering:permafrost":6,"minecraft:spider_eye":2,"minecraft:arrow":2,"minecraft:rotten_flesh":2,"projectvibrantjourneys:orange_bark_mushroom":8,"minecraft:mutton":6,"minecraft:coal":4,"minecraft:white_wool":4,"minecraft:cobblestone":23},"minecraft:mined":{"spore:fungal_roots":8,"spore:wall_growths_big":13,"spore:wall_growths":1,"immersive_weathering:grassy_permafrost":2,"spore:growths_big":1,"minecraft:crafting_table":1,"gravestone:gravestone":4,"minecraft:grass_block":2,"spore:fungal_stem":3,"immersive_weathering:permafrost":6,"spore:bloomfung2":23,"spore:blomfung":1,"minecraft:sweet_berry_bush":1,"minecraft:spruce_log":1,"minecraft:andesite":7,"projectvibrantjourneys:bark_mushroom":1,"minecraft:moss_carpet":1,"spore:growth_mycelium":4,"dynamictrees:spruce_leaves":4,"projectvibrantjourneys:spruce_hollow_log":4,"minecraft:coal_ore":4,"projectvibrantjourneys:short_grass":5,"minecraft:dirt":3,"spore:hanging_fungal_stem":38,"minecraft:stone":20,"spore:remains":2},"minecraft:custom":{"minecraft:interact_with_furnace":1,"minecraft:mob_kills":14,"minecraft:interact_with_crafting_table":4,"minecraft:time_since_death":4539,"minecraft:time_since_rest":4567,"minecraft:sprint_one_cm":54112,"minecraft:damage_taken":1083,"minecraft:walk_one_cm":40650,"minecraft:drop":29,"minecraft:damage_dealt":2195,"minecraft:swim_one_cm":6527,"minecraft:fly_one_cm":70676,"minecraft:crouch_one_cm":58,"minecraft:play_time":17211,"minecraft:deaths":3,"minecraft:sneak_time":20,"minecraft:walk_under_water_one_cm":131,"minecraft:interact_with_lectern":1,"minecraft:jump":366,"minecraft:walk_on_water_one_cm":454,"minecraft:total_world_time":17211,"minecraft:fall_one_cm":10983},"minecraft:crafted":{"minecraft:crafting_table":2,"minecraft:spruce_planks":76,"minecraft:wooden_pickaxe":1,"minecraft:furnace":1,"minecraft:stone_axe":1,"minecraft:stick":8,"minecraft:stone_pickaxe":1},"minecraft:killed":{"minecraft:wolf":1,"spore:inf_player":1,"minecraft:spider":2,"spore:inf_drowned":1,"minecraft:sheep":4,"minecraft:skeleton":1,"minecraft:zombie":4}},"DataVersion":3465}