{"stats":{"minecraft:picked_up":{"minecraft:jungle_log":4,"minecraft:oak_log":1,"minecraft:melon_slice":13,"minecraft:sugar_cane":2},"minecraft:dropped":{"minecraft:jungle_boat":1,"tombstone:grave_key":1},"minecraft:used":{"minecraft:jungle_boat":1,"minecraft:crafting_table":1},"minecraft:mined":{"minecraft:grass":1,"minecraft:oak_log":1,"minecraft:melon":2,"minecraft:vine":1,"minecraft:jungle_log":4,"minecraft:sugar_cane":1,"minecraft:oak_leaves":1},"minecraft:custom":{"minecraft:time_since_rest":1,"minecraft:crouch_one_cm":192,"minecraft:deaths":1,"minecraft:play_time":16514,"minecraft:sprint_one_cm":16859,"minecraft:damage_taken":240,"minecraft:walk_one_cm":13867,"minecraft:sneak_time":40,"minecraft:walk_under_water_one_cm":2239,"minecraft:boat_one_cm":19350,"minecraft:drop":2,"minecraft:jump":126,"minecraft:time_since_death":1233,"minecraft:walk_on_water_one_cm":2697,"minecraft:total_world_time":16514,"minecraft:climb_one_cm":1639,"minecraft:swim_one_cm":9355,"minecraft:interact_with_crafting_table":2,"minecraft:fall_one_cm":2649,"minecraft:fly_one_cm":23192},"minecraft:crafted":{"minecraft:crafting_table":1,"minecraft:jungle_boat":2,"minecraft:jungle_planks":16}},"DataVersion":3465}