{"stats":{"minecraft:killed":{"minecraft:cave_spider":3,"minecraft:pig":1,"born_in_chaos_v1:baby_skeleton":1,"minecraft:vindicator":1,"born_in_chaos_v1:maggot":1,"minecraft:sheep":2,"minecraft:skeleton":1,"minecraft:pillager":1,"minecraft:zombie":8,"born_in_chaos_v1:firelight_not_despawn":1,"minecraft:cow":3},"minecraft:custom":{"minecraft:mob_kills":23,"minecraft:interact_with_crafting_table":10,"minecraft:open_barrel":6,"minecraft:damage_dealt_resisted":118,"minecraft:time_since_death":6270,"minecraft:sleep_in_bed":1,"minecraft:climb_one_cm":3406,"minecraft:time_since_rest":1769,"minecraft:sprint_one_cm":84289,"minecraft:damage_taken":2166,"minecraft:walk_one_cm":74869,"minecraft:drop":13,"minecraft:damage_dealt":4110,"minecraft:swim_one_cm":31080,"minecraft:fly_one_cm":156533,"minecraft:open_chest":6,"minecraft:crouch_one_cm":50,"minecraft:play_time":37676,"minecraft:deaths":4,"minecraft:sneak_time":66,"minecraft:walk_under_water_one_cm":18459,"minecraft:jump":727,"minecraft:walk_on_water_one_cm":7669,"minecraft:total_world_time":37676,"minecraft:fall_one_cm":18083},"minecraft:used":{"minecraft:stone_sword":53,"minecraft:stone_pickaxe":12,"minecraft:baked_potato":6,"minecraft:chest":2,"minecraft:wooden_pickaxe":32,"minecraft:dirt":9,"minecraft:crafting_table":3,"minecraft:cod":2,"minecraft:wooden_axe":2,"minecraft:bread":10,"minecraft:stone_axe":55,"minecraft:cooked_cod":2},"minecraft:crafted":{"minecraft:oak_planks":44,"biomesoplenty:jacaranda_planks":20,"minecraft:crafting_table":3,"minecraft:wooden_pickaxe":1,"minecraft:stone_axe":1,"minecraft:bread":75,"minecraft:stick":12,"minecraft:stone_pickaxe":1,"minecraft:wooden_axe":1,"minecraft:chest":2,"minecraft:stone_sword":2,"minecraft:wheat":225},"minecraft:picked_up":{"minecraft:stripped_oak_log":1,"biomesoplenty:lavender":6,"born_in_chaos_v1:corpse_maggot":1,"minecraft:wheat":4,"minecraft:leather":2,"minecraft:oak_stairs":1,"minecraft:oak_log":11,"gravestone:obituary":1,"minecraft:string":3,"minecraft:dirt":13,"minecraft:moss_carpet":2,"minecraft:bone":6,"minecraft:wheat_seeds":1,"minecraft:beef":6,"minecraft:melon_slice":3,"minecraft:oak_planks":5,"minecraft:stripped_crimson_hyphae":2,"minecraft:spruce_stairs":2,"minecraft:porkchop":1,"depthcrawler:whiteshard":1,"minecraft:mossy_cobblestone":1,"minecraft:arrow":2,"minecraft:rotten_flesh":12,"born_in_chaos_v1:fire_dust":1,"biomesoplenty:jacaranda_log":5,"born_in_chaos_v1:wood_splitter_axe":1,"minecraft:iron_helmet":1,"minecraft:hay_block":25,"minecraft:mutton":3,"minecraft:cobblestone":26},"minecraft:dropped":{"minecraft:bread":27,"minecraft:moss_carpet":2,"minecraft:mossy_cobblestone":1,"biomesoplenty:lavender":6,"minecraft:cobblestone":9,"minecraft:dirt":4,"minecraft:wooden_axe":1,"minecraft:spruce_wood":5,"gravestone:obituary":2,"minecraft:stripped_crimson_hyphae":1,"minecraft:wooden_pickaxe":1,"minecraft:string":3},"minecraft:mined":{"gravestone:gravestone":4,"minecraft:stripped_crimson_hyphae":1,"minecraft:grass_block":4,"minecraft:melon":1,"minecraft:tall_grass":1,"minecraft:oak_planks":5,"minecraft:spawner":2,"minecraft:spruce_stairs":2,"minecraft:hay_block":25,"biomesoplenty:jacaranda_log":6,"biomesoplenty:lavender":6,"regions_unexplored:mossy_stone":1,"biomesoplenty:sea_oats":1,"minecraft:grass":7,"minecraft:oak_log":11,"minecraft:dirt":9,"minecraft:stripped_oak_log":1,"regions_unexplored:medium_grass":1,"minecraft:stone":26,"minecraft:oak_leaves":3}},"DataVersion":3465}