{"stats":{"minecraft:picked_up":{"minecraft:iron_chestplate":1,"minecraft:crafting_table":1,"minecraft:coarse_dirt":1,"minecraft:feather":2,"minecraft:chainmail_boots":1,"minecraft:chicken":1,"knighys_additions:nerium":2,"minecraft:jungle_log":4,"minecraft:leather_leggings":1,"minecraft:golden_leggings":1,"minecraft:dark_oak_boat":1,"minecraft:potato":1,"tombstone:grave_key":1,"minecraft:oak_log":1,"minecraft:shield":2,"minecraft:gunpowder":4,"minecraft:string":1,"minecraft:iron_leggings":1,"minecraft:leather_boots":2,"minecraft:bone":17,"bloodandmadness:blood_vial":3,"minecraft:cracked_stone_bricks":1,"minecraft:wheat_seeds":7,"minecraft:spruce_planks":2,"minecraft:melon_slice":127,"minecraft:sugar_cane":2,"biomesoplenty:mahogany_planks":10,"alexsmobs:leafcutter_ant_chamber":1,"undead_revamp2:suckermemebrane":5,"minecraft:pitcher_plant":1,"minecraft:big_dripleaf":1,"minecraft:torch":9,"minecraft:carrot":1,"minecraft:nether_brick_stairs":4,"minecraft:diamond_chestplate":1,"minecraft:porkchop":3,"tombstone:grave_dust":9,"minecraft:spruce_log":6,"minecraft:quartz_block":1,"minecraft:dark_oak_log":10,"undead_revamp2:heavytooth":1,"bloodandmadness:beastblood_clump":1,"minecraft:dark_oak_planks":2,"undead_revamp2:rawbostrox":3,"biomesoplenty:mahogany_log":23,"minecraft:arrow":21,"minecraft:rotten_flesh":47,"minecraft:chainmail_leggings":1,"minecraft:iron_helmet":1,"bloodandmadness:sanguisteel_nugget":1,"tombstone:essence_of_undeath":1,"tombstone:magic_scroll":2,"minecraft:iron_bars":8,"minecraft:coal":4,"minecraft:cobblestone":29},"minecraft:used":{"biomesoplenty:mahogany_planks":85,"minecraft:stone_sword":10,"minecraft:stone_pickaxe":52,"minecraft:baked_potato":3,"minecraft:shield":15,"minecraft:spruce_planks":16,"minecraft:chest":1,"minecraft:wooden_pickaxe":16,"minecraft:iron_sword":92,"minecraft:rotten_flesh":40,"minecraft:jungle_boat":1,"minecraft:torch":73,"minecraft:crafting_table":4,"simplyswords:diamond_sai":206,"minecraft:carrot":7,"minecraft:wooden_axe":17,"minecraft:diamond_sword":20,"minecraft:melon_slice":114,"minecraft:iron_pickaxe":13,"minecraft:stone_axe":155,"minecraft:dark_oak_boat":1,"minecraft:pitcher_plant":1,"tombstone:gift":2},"minecraft:dropped":{"minecraft:nether_brick_stairs":4,"minecraft:golden_chestplate":1,"minecraft:stone_sword":1,"knighys_additions:nerium":2,"minecraft:leather_chestplate":1,"minecraft:potato":5,"minecraft:shield":1,"minecraft:gunpowder":1,"tombstone:grave_key":2,"minecraft:iron_chestplate":1,"minecraft:wooden_axe":1,"minecraft:jungle_boat":1,"minecraft:stone_pickaxe":1,"minecraft:wooden_pickaxe":1,"minecraft:chainmail_leggings":1,"minecraft:dark_oak_planks":2,"minecraft:dark_oak_boat":1},"minecraft:killed":{"undead_revamp2:thewolf":1,"minecraft:cave_spider":3,"undead_revamp2:bigsucker":1,"bloodandmadness:church_doctor":1,"enemyexpansion:ladybug":1,"minecraft:pig":1,"undead_revamp2:thehunter":1,"bloodandmadness:cloaked_beast_patient":3,"undead_revamp2:the_moonflower":3,"minecraft:spider":3,"minecraft:creeper":6,"minecraft:skeleton":15,"minecraft:zombie":23,"bloodandmadness:beast_patient":1,"alexsmobs:leafcutter_ant":3,"minecraft:stray":3,"minecraft:chicken":1,"minecraft:silverfish":1,"enemyexpansion:huntsman":1,"minecraft:wither_skeleton":4,"undead_revamp2:sucker":2},"minecraft:mined":{"minecraft:dark_oak_planks":2,"knighys_additions:nerium":1,"minecraft:spruce_planks":3,"minecraft:quartz_block":4,"minecraft:dark_oak_leaves":6,"minecraft:dark_oak_log":10,"minecraft:crafting_table":1,"minecraft:torch":1,"minecraft:melon":23,"biomesoplenty:mahogany_planks":10,"minecraft:jungle_log":4,"minecraft:sugar_cane":1,"minecraft:wall_torch":1,"minecraft:big_dripleaf":1,"minecraft:spawner":21,"minecraft:mossy_cobblestone_stairs":3,"biomesoplenty:mahogany_log":29,"minecraft:nether_brick_stairs":4,"minecraft:spruce_log":6,"minecraft:pitcher_crop":1,"minecraft:grass":12,"minecraft:oak_log":1,"minecraft:coal_ore":4,"biomesoplenty:mahogany_leaves":3,"minecraft:vine":2,"minecraft:iron_bars":16,"minecraft:cracked_stone_bricks":1,"minecraft:stone":22,"minecraft:oak_leaves":1,"minecraft:fern":26},"minecraft:custom":{"minecraft:mob_kills":81,"minecraft:interact_with_crafting_table":13,"minecraft:damage_dealt_resisted":32,"minecraft:time_since_death":10227,"minecraft:climb_one_cm":6279,"minecraft:time_since_rest":9182,"minecraft:sprint_one_cm":384446,"minecraft:damage_taken":3789,"minecraft:walk_one_cm":245909,"minecraft:damage_blocked_by_shield":708,"minecraft:drop":18,"minecraft:damage_dealt":16976,"minecraft:swim_one_cm":22170,"minecraft:fly_one_cm":309557,"minecraft:open_chest":54,"minecraft:play_time":99547,"minecraft:crouch_one_cm":1017,"minecraft:sneak_time":297,"tombstone:undead_killed":54,"minecraft:deaths":5,"minecraft:walk_under_water_one_cm":4662,"minecraft:boat_one_cm":84375,"minecraft:jump":1612,"minecraft:walk_on_water_one_cm":9410,"minecraft:total_world_time":99547,"minecraft:fall_one_cm":25068},"minecraft:broken":{"minecraft:leather_boots":1,"minecraft:stone_axe":1},"minecraft:crafted":{"minecraft:dark_oak_boat":1,"minecraft:crafting_table":4,"minecraft:spruce_planks":24,"minecraft:jungle_boat":2,"biomesoplenty:mahogany_planks":88,"minecraft:wooden_pickaxe":1,"minecraft:stone_axe":2,"minecraft:jungle_planks":16,"minecraft:shield":1,"minecraft:stick":20,"minecraft:stone_pickaxe":1,"minecraft:wooden_axe":1,"minecraft:stone_sword":1,"minecraft:chest":1,"minecraft:dark_oak_planks":40,"minecraft:torch":16}},"DataVersion":3465}