{"stats":{"minecraft:used":{"minecraft:moss_block":1,"minecraft:blue_terracotta":3,"minecraft:chest":2,"minecraft:spruce_planks":109,"vanillaplustools:stone_hammer":374,"minecraft:cooked_chicken":4,"minecraft:rotten_flesh":2,"minecraft:torch":120,"minecraft:dirt":17,"minecraft:mutton":4,"create:depot":3,"minecraft:iron_axe":24,"immersive_weathering:permafrost":5,"minecraft:sweet_berries":5,"minecraft:furnace":2,"minecraft:cooked_beef":5,"minecraft:cooked_mutton":12,"dynamictrees:spruce_seed":9,"minecraft:diorite":1,"minecraft:stone_pickaxe":230,"minecraft:wooden_pickaxe":25,"minecraft:blue_bed":1,"minecraft:crafting_table":3,"vanillaplustools:stone_shovel":22,"minecraft:crossbow":2,"minecraft:spruce_log":3,"create:mechanical_press":3,"minecraft:bread":6,"minecraft:iron_pickaxe":50,"create:andesite_casing":1,"minecraft:stone_axe":146,"minecraft:cobblestone":1135,"minecraft:cooked_porkchop":5,"create:hand_crank":3},"minecraft:killed_by":{"minecraft:player":1},"minecraft:broken":{"vanillaplustools:stone_hammer":2,"minecraft:stone_axe":1},"minecraft:dropped":{"minecraft:moss_block":1,"minecraft:brown_mushroom":4,"minecraft:wheat_seeds":17,"minecraft:mud_brick_slab":4,"minecraft:crafting_table":1,"minecraft:dripstone_block":2,"minecraft:iron_helmet":1,"minecraft:cobblestone":108,"minecraft:granite":33,"dynamictrees:spruce_seed":3,"projectvibrantjourneys:orange_bark_mushroom":7,"minecraft:red_mushroom":2,"minecraft:stick":33,"minecraft:flint":2,"minecraft:dirt":71,"minecraft:gray_wool":2,"minecraft:diorite":11,"gravestone:obituary":14,"minecraft:gold_nugget":9,"spore:mutated_heart":1,"immersive_weathering:permafrost":34,"minecraft:string":3,"minecraft:white_wool":16,"projectvibrantjourneys:bark_mushroom":5,"minecraft:bone":12,"minecraft:gravel":37,"minecraft:blue_terracotta":3,"minecraft:moss_carpet":10,"minecraft:stone_axe":2,"minecraft:sweet_berries":6,"projectvibrantjourneys:spruce_hollow_log":1,"minecraft:rotten_flesh":14,"spore:mutated_fiber":1,"minecraft:red_terracotta":6,"pointblank:gunmetal_nugget":46,"minecraft:poppy":4,"projectvibrantjourneys:light_brown_bark_mushroom":1,"minecraft:gunpowder":6,"minecraft:spruce_planks":9,"minecraft:andesite":60,"minecraft:spider_eye":3,"minecraft:wooden_pickaxe":2,"minecraft:arrow":2,"create:andesite_alloy":1,"minecraft:egg":1},"minecraft:picked_up":{"minecraft:crafting_table":2,"spore:mutated_heart":1,"minecraft:mud_brick_slab":4,"minecraft:brown_mushroom":4,"dynamictrees:spruce_seed":14,"minecraft:wooden_pickaxe":1,"gravestone:obituary":8,"minecraft:string":3,"minecraft:raw_copper":51,"minecraft:moss_carpet":9,"create:mechanical_press":2,"minecraft:gold_nugget":9,"minecraft:spruce_planks":3,"minecraft:beef":3,"minecraft:iron_nugget":9,"minecraft:poppy":4,"minecraft:furnace":1,"minecraft:egg":1,"minecraft:stick":68,"minecraft:raw_iron":50,"projectvibrantjourneys:bark_mushroom":4,"minecraft:torch":4,"create:andesite_casing":4,"minecraft:porkchop":8,"pointblank:gunmetal_nugget":59,"create:hand_crank":2,"minecraft:diorite":15,"immersive_weathering:permafrost":55,"minecraft:arrow":4,"minecraft:rotten_flesh":16,"create:depot":2,"minecraft:mutton":19,"minecraft:white_wool":16,"minecraft:cobblestone":1830,"immersive_weathering:spruce_bark":3,"minecraft:andesite":508,"minecraft:leather":1,"minecraft:red_mushroom":2,"minecraft:flint":2,"create:raw_zinc":23,"minecraft:gunpowder":6,"projectvibrantjourneys:spruce_hollow_log":5,"minecraft:dirt":88,"minecraft:blue_bed":1,"minecraft:bone":38,"minecraft:wheat_seeds":17,"spore:mutated_fiber":26,"minecraft:moss_block":2,"immersive_weathering:tallow":9,"projectvibrantjourneys:light_brown_bark_mushroom":1,"spore:cerebrum":2,"minecraft:sweet_berries":10,"minecraft:dripstone_block":2,"minecraft:gravel":37,"minecraft:spruce_log":65,"minecraft:red_terracotta":6,"minecraft:spider_eye":3,"minecraft:blue_terracotta":6,"minecraft:stone_axe":1,"minecraft:granite":60,"minecraft:crossbow":1,"minecraft:gray_wool":2,"spore:spine_fragment":2,"projectvibrantjourneys:orange_bark_mushroom":8,"minecraft:coal":198},"minecraft:mined":{"create:zinc_ore":24,"minecraft:yellow_terracotta":3,"spore:fungal_roots":8,"minecraft:spruce_planks":3,"spore:wall_growths_big":13,"spore:wall_growths":1,"immersive_weathering:grassy_permafrost":41,"create:andesite_casing":4,"dynamictrees:spruce_sapling":1,"gravestone:gravestone":7,"minecraft:granite":145,"minecraft:grass_block":13,"spore:fungal_stem":3,"create:depot":2,"minecraft:moss_block":2,"minecraft:large_fern":2,"minecraft:furnace":1,"spore:blomfung":1,"minecraft:iron_ore":50,"minecraft:andesite":569,"projectvibrantjourneys:bark_mushroom":1,"minecraft:moss_carpet":1,"spore:growth_mycelium":4,"dynamictrees:spruce_leaves":4,"minecraft:stone":2062,"create:mechanical_press":2,"minecraft:mud_brick_slab":2,"spore:growths_big":1,"minecraft:crafting_table":2,"minecraft:torch":1,"projectvibrantjourneys:twigs":4,"minecraft:copper_ore":15,"minecraft:cobblestone":44,"minecraft:diorite":30,"minecraft:blue_bed":1,"immersive_weathering:permafrost":60,"minecraft:red_terracotta":7,"minecraft:blue_terracotta":7,"spore:bloomfung2":23,"minecraft:sweet_berry_bush":2,"minecraft:spruce_log":1,"minecraft:grass":2,"projectvibrantjourneys:spruce_hollow_log":4,"minecraft:coal_ore":195,"projectvibrantjourneys:short_grass":15,"create:hand_crank":2,"minecraft:gravel":45,"projectvibrantjourneys:pinecones":2,"minecraft:dripstone_block":3,"minecraft:dirt":68,"spore:hanging_fungal_stem":38,"spore:remains":2,"minecraft:fern":2},"minecraft:custom":{"minecraft:mob_kills":58,"minecraft:interact_with_crafting_table":24,"minecraft:leave_game":4,"minecraft:time_since_death":52623,"minecraft:sprint_one_cm":301352,"minecraft:walk_one_cm":338263,"minecraft:drop":110,"minecraft:talked_to_villager":2,"minecraft:play_time":109242,"minecraft:deaths":6,"minecraft:sneak_time":3334,"minecraft:walk_under_water_one_cm":296,"minecraft:interact_with_lectern":1,"minecraft:jump":2239,"minecraft:walk_on_water_one_cm":799,"minecraft:total_world_time":109242,"minecraft:interact_with_furnace":25,"minecraft:sleep_in_bed":2,"minecraft:time_since_rest":18016,"minecraft:damage_taken":3530,"minecraft:damage_dealt":9381,"minecraft:swim_one_cm":7389,"minecraft:fly_one_cm":361913,"minecraft:open_chest":19,"minecraft:crouch_one_cm":15072,"minecraft:fall_one_cm":53363},"minecraft:crafted":{"minecraft:stone_shovel":9,"vanillaplustools:stone_hammer":3,"minecraft:iron_nugget":144,"minecraft:cooked_chicken":4,"minecraft:furnace":1,"minecraft:cooked_mutton":12,"create:mechanical_press":1,"minecraft:iron_axe":1,"minecraft:stone_pickaxe":27,"minecraft:chest":2,"vanillaplustools:stone_shovel":1,"minecraft:cooked_beef":5,"create:depot":1,"create:andesite_alloy":64,"create:hand_crank":1,"minecraft:cooked_porkchop":5,"minecraft:crafting_table":2,"minecraft:spruce_planks":224,"minecraft:wooden_pickaxe":1,"minecraft:stone_axe":2,"minecraft:air":0,"minecraft:stick":88,"minecraft:iron_ingot":37,"minecraft:iron_pickaxe":1,"minecraft:iron_block":1,"create:shaft":8,"minecraft:torch":136},"minecraft:killed":{"minecraft:witch":1,"minecraft:spider":4,"minecraft:skeleton":5,"minecraft:wolf":1,"minecraft:pig":4,"spore:inf_player":6,"spore:inf_wanderer":2,"spore:inf_drowned":1,"minecraft:creeper":6,"spore:inf_pillager":3,"minecraft:sheep":11,"minecraft:zombie":9,"spore:inf_human":2,"minecraft:cow":1}},"DataVersion":3465}