{"stats":{"minecraft:custom":{"minecraft:mob_kills":284,"minecraft:interact_with_crafting_table":26,"minecraft:open_barrel":33,"minecraft:damage_dealt_resisted":3020,"minecraft:leave_game":2,"minecraft:time_since_death":4623,"minecraft:climb_one_cm":12802,"minecraft:sprint_one_cm":918947,"minecraft:walk_one_cm":608726,"minecraft:drop":83,"minecraft:talked_to_villager":1,"minecraft:play_time":267189,"minecraft:deaths":22,"minecraft:sneak_time":2255,"minecraft:walk_under_water_one_cm":24126,"minecraft:jump":3653,"minecraft:walk_on_water_one_cm":29914,"minecraft:total_world_time":267189,"minecraft:interact_with_furnace":15,"minecraft:sleep_in_bed":6,"minecraft:time_since_rest":4654,"minecraft:damage_absorbed":280,"minecraft:damage_taken":16934,"minecraft:damage_dealt":58633,"minecraft:swim_one_cm":52151,"minecraft:fly_one_cm":750738,"minecraft:open_chest":340,"minecraft:crouch_one_cm":2994,"minecraft:fall_one_cm":127820},"minecraft:picked_up":{"minecraft:wheat":4,"minecraft:chicken":1,"minecraft:leather_leggings":1,"born_in_chaos_v1:seedof_chaos":9,"minecraft:diamond_sword":2,"minecraft:lead":1,"minecraft:oak_stairs":2,"minecraft:gold_block":1,"minecraft:potion":1,"minecraft:stone_brick_stairs":2,"minecraft:chain":1,"gravestone:obituary":9,"minecraft:shield":2,"minecraft:string":58,"minecraft:moss_carpet":3,"minecraft:iron_leggings":1,"minecraft:iron_shovel":1,"minecraft:cracked_stone_bricks":1,"minecraft:gold_nugget":1,"minecraft:bucket":1,"minecraft:beef":6,"born_in_chaos_v1:stimulating_decoction":1,"minecraft:melon_slice":3,"minecraft:chest":2,"minecraft:iron_boots":3,"minecraft:tipped_arrow":7,"minecraft:stick":6,"minecraft:stripped_crimson_hyphae":2,"cwsr:water_essence":1,"minecraft:torch":21,"minecraft:spruce_stairs":2,"minecraft:porkchop":4,"orcz:orchorn":4,"orcz:squigs_claws":2,"born_in_chaos_v1:nightmare_claw":2,"born_in_chaos_v1:pieceofdarkmetal":14,"minecraft:carrot":1,"cardinal_sins:stone_greatsword":1,"depthcrawler:whiteshard":1,"minecraft:iron_horse_armor":1,"dungeonsweaponry:whispering_spear":1,"minecraft:dark_oak_planks":3,"regions_unexplored:purple_coneflower":6,"minecraft:quartz_block":1,"minecraft:arrow":28,"minecraft:rotten_flesh":117,"biomesoplenty:jacaranda_log":5,"minecraft:beetroot_seeds":4,"born_in_chaos_v1:wood_splitter_axe":1,"orcz:orcshroom":1,"minecraft:hay_block":36,"minecraft:saddle":1,"minecraft:gold_ingot":1,"minecraft:mutton":12,"minecraft:iron_bars":25,"undead_revamp2:arapholia":1,"minecraft:white_wool":6,"minecraft:cobblestone":137,"biomesoplenty:lavender":6,"minecraft:stripped_oak_log":1,"born_in_chaos_v1:corpse_maggot":19,"regions_unexplored:peat_dirt":1,"minecraft:mossy_cobblestone_slab":1,"minecraft:leather_chestplate":4,"orcz:orcteeth":87,"born_in_chaos_v1:monster_flesh":8,"born_in_chaos_v1:spiritual_dust":5,"minecraft:andesite":1,"minecraft:leather":3,"cwsr:earth_essence":1,"minecraft:oak_log":26,"minecraft:golden_boots":3,"minecraft:gunpowder":5,"minecraft:cobblestone_stairs":1,"minecraft:dirt":26,"cwsr:beast_essence":1,"minecraft:name_tag":1,"born_in_chaos_v1:monster_skin":4,"minecraft:bone":60,"undead_revamp2:blacpetalblock":1,"minecraft:stone_bricks":10,"minecraft:bow":2,"minecraft:wheat_seeds":7,"minecraft:iron_ingot":12,"minecraft:mossy_stone_bricks":3,"minecraft:iron_sword":2,"minecraft:oak_planks":8,"minecraft:mossy_stone_brick_stairs":4,"minecraft:dark_oak_stairs":1,"minecraft:book":6,"biomesoplenty:toadstool":3,"minecraft:chiseled_stone_bricks":3,"born_in_chaos_v1:lifestealer_bone":3,"born_in_chaos_v1:orbofthe_summoner":1,"born_in_chaos_v1:ethereal_spirit":6,"orcz:orcagaric":2,"orcz:bone_1deco":2,"orcz:blue_orcshroom":1,"minecraft:sand":5,"minecraft:polished_andesite":8,"minecraft:dark_oak_log":2,"minecraft:diamond_block":3,"minecraft:spider_eye":6,"minecraft:mossy_cobblestone":7,"travelersbackpack:standard":5,"dungeonsweaponry:glaive":1,"minecraft:pumpkin_seeds":2,"minecraft:emerald":85,"minecraft:slime_ball":5,"born_in_chaos_v1:fire_dust":1,"minecraft:diamond":10,"minecraft:iron_helmet":1,"regions_unexplored:maple_log":9,"minecraft:golden_apple":2,"minecraft:mossy_cobblestone_stairs":4,"minecraft:chainmail_helmet":2,"minecraft:bread":4,"minecraft:terracotta":4,"orcz:ironscrap":5,"minecraft:oak_sapling":1,"orcz:orceye":2,"minecraft:melon_seeds":4,"minecraft:coal":1},"minecraft:mined":{"minecraft:dark_oak_planks":1,"minecraft:mossy_cobblestone":6,"regions_unexplored:maple_log":9,"minecraft:dark_oak_log":2,"gravestone:gravestone":22,"minecraft:stripped_crimson_hyphae":1,"minecraft:grass_block":5,"regions_unexplored:maple_leaves":2,"regions_unexplored:purple_coneflower":2,"minecraft:chiseled_stone_bricks":3,"minecraft:spawner":82,"minecraft:hay_block":36,"biomesoplenty:jacaranda_log":6,"minecraft:mossy_cobblestone_slab":1,"minecraft:mossy_cobblestone_stairs":3,"minecraft:fire":6,"biomesoplenty:lavender":6,"regions_unexplored:mossy_stone":1,"minecraft:andesite":1,"minecraft:bookshelf":3,"minecraft:dark_oak_stairs":1,"biomesoplenty:sea_oats":1,"minecraft:mossy_stone_brick_stairs":4,"minecraft:vine":10,"minecraft:iron_bars":25,"minecraft:stripped_oak_log":1,"biomesoplenty:barley":5,"regions_unexplored:medium_grass":4,"minecraft:stone":107,"minecraft:glass_pane":1,"minecraft:quartz_block":17,"minecraft:melon":1,"minecraft:tall_grass":1,"minecraft:cobblestone":15,"minecraft:oak_planks":8,"minecraft:wall_torch":4,"minecraft:spruce_stairs":2,"minecraft:chain":1,"minecraft:polished_andesite":8,"minecraft:cracked_stone_bricks":1,"dungeonsweaponry:emerald_pot":4,"minecraft:stone_brick_stairs":2,"minecraft:grass":9,"minecraft:oak_log":24,"minecraft:sand":3,"minecraft:dirt":10,"minecraft:cobweb":8,"minecraft:stone_bricks":9,"minecraft:terracotta":4,"minecraft:tripwire_hook":1,"minecraft:mossy_stone_bricks":1,"minecraft:oak_leaves":4},"minecraft:broken":{"minecraft:stone_sword":4,"minecraft:stone_pickaxe":1,"minecraft:stone_axe":1,"minecraft:iron_helmet":1,"born_in_chaos_v1:wood_splitter_axe":1},"minecraft:killed":{"born_in_chaos_v1:lifestealer_true_form":1,"born_in_chaos_v1:zombie_clown":1,"cardinal_sins:skeletonofgluttony":2,"minecraft:cave_spider":6,"minecraft:vex":3,"orcz:goblinshield":2,"born_in_chaos_v1:restless_spirit":3,"dungeonsweaponry:vanguard":3,"minecraft:spider":23,"minecraft:vindicator":1,"undead_revamp2:thesmoker":2,"born_in_chaos_v1:zombie_bruiser":1,"born_in_chaos_v1:baby_skeleton_minion":4,"undead_revamp2:theswarmer":1,"born_in_chaos_v1:maggot":27,"minecraft:skeleton":11,"minecraft:bee":2,"orcz:goblinsavagebomb":1,"minecraft:chicken":1,"undead_revamp2:thebidy":1,"minecraft:silverfish":2,"orcz:squig":2,"orcz:orcsavagemace":5,"undead_revamp2:thepregnant":1,"orcz:orcsavageweird":1,"undead_revamp2:sucker":1,"born_in_chaos_v1:firelight_not_despawn":1,"undead_revamp2:thespitter":1,"born_in_chaos_v1:spiritof_chaos":1,"born_in_chaos_v1:fallen_chaos_knight":1,"minecraft:pig":2,"born_in_chaos_v1:bone_imp_minion":8,"born_in_chaos_v1:baby_skeleton":1,"minecraft:zombie_villager":2,"orcz:goblinsavagemace":2,"undead_revamp2:the_moonflower":7,"orcz:goblinwerid":1,"dungeonsweaponry:nameless_one":1,"minecraft:creeper":1,"born_in_chaos_v1:decrepit_skeleton":3,"minecraft:sheep":7,"minecraft:pillager":1,"minecraft:zombie":67,"born_in_chaos_v1:dread_hound":2,"orcz:bigorcboss":4,"born_in_chaos_v1:bonescaller_not_despawn":1,"minecraft:stray":14,"born_in_chaos_v1:nightmare_stalker":2,"orcz:goblin_2sword":2,"orcz:snot":9,"orcz:orcsavage_2sword":6,"minecraft:wither_skeleton":3,"minecraft:villager":2,"orcz:orcshield":6,"minecraft:cow":3},"minecraft:crafted":{"minecraft:oak_planks":76,"regions_unexplored:maple_planks":36,"minecraft:furnace":1,"cwsr:wind_boom":1,"minecraft:stone_pickaxe":1,"minecraft:chest":9,"minecraft:dark_oak_planks":8,"cwsr:sword_handle":2,"born_in_chaos_v1:pileof_dark_metal":2,"minecraft:wheat":324,"biomesoplenty:jacaranda_planks":20,"minecraft:crafting_table":4,"minecraft:wooden_pickaxe":1,"minecraft:iron_helmet":1,"minecraft:iron_sword":2,"minecraft:stone_axe":1,"minecraft:bread":108,"minecraft:stick":32,"minecraft:wooden_axe":1,"cwsr:meteor_sword":1,"minecraft:stone_sword":8},"minecraft:dropped":{"minecraft:golden_boots":1,"minecraft:bread":27,"minecraft:iron_sword":1,"minecraft:wheat_seeds":2,"minecraft:mossy_cobblestone":3,"biomesoplenty:lavender":6,"minecraft:cobblestone":28,"orcz:blue_orcshroom":1,"orcz:orcagaric":2,"minecraft:iron_horse_armor":1,"born_in_chaos_v1:nightmare_claw":1,"minecraft:chainmail_helmet":1,"minecraft:coal":4,"regions_unexplored:maple_planks":4,"born_in_chaos_v1:monster_flesh":2,"minecraft:dirt":4,"born_in_chaos_v1:monster_skin":2,"minecraft:mutton":1,"minecraft:wooden_axe":1,"gravestone:obituary":10,"minecraft:gold_nugget":2,"minecraft:sand":3,"minecraft:dark_oak_planks":2,"minecraft:string":28,"minecraft:gold_ingot":2,"biomesoplenty:toadstool":2,"minecraft:moss_carpet":2,"minecraft:wheat":1,"born_in_chaos_v1:ethereal_spirit":1,"minecraft:rotten_flesh":7,"minecraft:oak_planks":3,"minecraft:iron_boots":2,"orcz:orcshroom":1,"minecraft:pumpkin_seeds":2,"minecraft:leather_chestplate":1,"regions_unexplored:peat_dirt":1,"minecraft:tipped_arrow":1,"minecraft:shield":2,"minecraft:leather_leggings":1,"born_in_chaos_v1:corpse_maggot":6,"minecraft:mossy_stone_bricks":2,"minecraft:oak_sapling":1,"minecraft:chest":2,"minecraft:spruce_wood":5,"minecraft:spider_eye":3,"minecraft:stone_bricks":1,"minecraft:stone_brick_stairs":1,"minecraft:iron_bars":4,"minecraft:stripped_crimson_hyphae":1,"minecraft:wooden_pickaxe":1,"cardinal_sins:stone_greatsword":1,"minecraft:terracotta":4},"minecraft:killed_by":{"minecraft:zombie":1},"minecraft:used":{"minecraft:stone_sword":913,"born_in_chaos_v1:ethereal_spirit":7,"minecraft:chest":9,"minecraft:torch":114,"minecraft:dirt":9,"minecraft:wooden_axe":2,"minecraft:stone_bricks":6,"minecraft:furnace":1,"minecraft:cooked_cod":2,"minecraft:polished_andesite":8,"minecraft:stone_pickaxe":324,"minecraft:baked_potato":9,"minecraft:oak_planks":2,"minecraft:wooden_pickaxe":32,"minecraft:cracked_stone_bricks":1,"minecraft:golden_apple":8,"minecraft:mossy_cobblestone":19,"cwsr:wind_boom":22,"minecraft:sand":2,"minecraft:crafting_table":4,"minecraft:cod":2,"minecraft:apple":7,"minecraft:bread":173,"minecraft:stone_axe":174,"cwsr:meteor_sword":153,"minecraft:cobblestone":69,"travelersbackpack:standard":16,"minecraft:stripped_crimson_hyphae":1,"born_in_chaos_v1:wood_splitter_axe":142,"minecraft:andesite":32}},"DataVersion":3465}