{"stats":{"minecraft:killed":{"minecraft:vex":3,"minecraft:cave_spider":5,"minecraft:pig":1,"born_in_chaos_v1:bone_imp_minion":8,"born_in_chaos_v1:baby_skeleton":1,"minecraft:spider":1,"minecraft:vindicator":1,"born_in_chaos_v1:baby_skeleton_minion":4,"born_in_chaos_v1:maggot":4,"minecraft:sheep":6,"minecraft:skeleton":1,"minecraft:pillager":1,"minecraft:zombie":11,"born_in_chaos_v1:dread_hound":1,"born_in_chaos_v1:bonescaller_not_despawn":1,"born_in_chaos_v1:firelight_not_despawn":1,"minecraft:cow":3},"minecraft:custom":{"minecraft:interact_with_furnace":9,"minecraft:mob_kills":57,"minecraft:interact_with_crafting_table":13,"minecraft:open_barrel":13,"minecraft:damage_dealt_resisted":745,"minecraft:time_since_death":15004,"minecraft:sleep_in_bed":3,"minecraft:climb_one_cm":3406,"minecraft:time_since_rest":7288,"minecraft:sprint_one_cm":136296,"minecraft:damage_taken":3741,"minecraft:walk_one_cm":149385,"minecraft:drop":16,"minecraft:damage_dealt":9413,"minecraft:talked_to_villager":1,"minecraft:swim_one_cm":31080,"minecraft:fly_one_cm":219090,"minecraft:open_chest":26,"minecraft:crouch_one_cm":598,"minecraft:play_time":61676,"minecraft:deaths":6,"minecraft:sneak_time":112,"minecraft:walk_under_water_one_cm":18459,"minecraft:jump":1041,"minecraft:walk_on_water_one_cm":7783,"minecraft:total_world_time":61676,"minecraft:fall_one_cm":26189},"minecraft:used":{"minecraft:stone_sword":106,"minecraft:stone_pickaxe":32,"minecraft:baked_potato":6,"minecraft:chest":2,"minecraft:wooden_pickaxe":32,"minecraft:dirt":9,"minecraft:crafting_table":3,"minecraft:cod":2,"minecraft:wooden_axe":2,"minecraft:bread":30,"minecraft:stone_axe":55,"minecraft:furnace":1,"minecraft:stripped_crimson_hyphae":1,"minecraft:cooked_cod":2,"born_in_chaos_v1:wood_splitter_axe":63},"minecraft:crafted":{"minecraft:oak_planks":44,"biomesoplenty:jacaranda_planks":20,"minecraft:crafting_table":3,"minecraft:wooden_pickaxe":1,"minecraft:furnace":1,"minecraft:stone_axe":1,"minecraft:bread":75,"minecraft:stick":12,"minecraft:stone_pickaxe":1,"minecraft:wooden_axe":1,"minecraft:chest":2,"minecraft:stone_sword":2,"born_in_chaos_v1:pileof_dark_metal":2,"minecraft:wheat":225},"minecraft:picked_up":{"minecraft:stripped_oak_log":1,"biomesoplenty:lavender":6,"born_in_chaos_v1:corpse_maggot":3,"minecraft:wheat":4,"born_in_chaos_v1:monster_flesh":1,"born_in_chaos_v1:spiritual_dust":5,"born_in_chaos_v1:seedof_chaos":4,"minecraft:leather":2,"minecraft:oak_stairs":1,"minecraft:chain":1,"minecraft:oak_log":15,"gravestone:obituary":1,"minecraft:string":12,"minecraft:dirt":13,"minecraft:moss_carpet":3,"born_in_chaos_v1:monster_skin":1,"minecraft:bone":12,"minecraft:wheat_seeds":2,"minecraft:beef":6,"minecraft:melon_slice":3,"minecraft:oak_planks":5,"minecraft:iron_boots":1,"minecraft:stripped_crimson_hyphae":2,"born_in_chaos_v1:orbofthe_summoner":1,"minecraft:spruce_stairs":2,"minecraft:porkchop":1,"minecraft:sand":3,"born_in_chaos_v1:pieceofdarkmetal":1,"depthcrawler:whiteshard":1,"minecraft:spider_eye":2,"minecraft:mossy_cobblestone":1,"minecraft:arrow":2,"minecraft:rotten_flesh":17,"born_in_chaos_v1:fire_dust":1,"biomesoplenty:jacaranda_log":5,"born_in_chaos_v1:wood_splitter_axe":1,"minecraft:iron_helmet":1,"minecraft:hay_block":36,"minecraft:mutton":11,"undead_revamp2:arapholia":1,"minecraft:white_wool":5,"minecraft:cobblestone":37},"minecraft:dropped":{"minecraft:bread":27,"minecraft:moss_carpet":2,"minecraft:wheat_seeds":1,"minecraft:mossy_cobblestone":1,"biomesoplenty:lavender":6,"minecraft:cobblestone":9,"minecraft:dirt":4,"minecraft:wooden_axe":1,"minecraft:spruce_wood":5,"gravestone:obituary":3,"minecraft:stripped_crimson_hyphae":1,"minecraft:sand":3,"minecraft:wooden_pickaxe":1,"minecraft:string":3},"minecraft:mined":{"gravestone:gravestone":6,"minecraft:stripped_crimson_hyphae":1,"minecraft:grass_block":4,"minecraft:melon":1,"minecraft:tall_grass":1,"minecraft:oak_planks":5,"minecraft:spawner":8,"minecraft:chain":1,"minecraft:spruce_stairs":2,"minecraft:hay_block":36,"biomesoplenty:jacaranda_log":6,"biomesoplenty:lavender":6,"regions_unexplored:mossy_stone":1,"biomesoplenty:sea_oats":1,"minecraft:grass":8,"minecraft:oak_log":15,"minecraft:sand":3,"minecraft:dirt":9,"minecraft:cobweb":4,"minecraft:stripped_oak_log":1,"regions_unexplored:medium_grass":3,"minecraft:stone":37,"minecraft:oak_leaves":3}},"DataVersion":3465}