{"stats":{"minecraft:used":{"minecraft:cooked_mutton":2,"minecraft:blue_terracotta":3,"minecraft:stone_pickaxe":131,"minecraft:spruce_planks":48,"minecraft:wooden_pickaxe":25,"minecraft:rotten_flesh":2,"minecraft:dirt":5,"minecraft:mutton":4,"minecraft:crafting_table":2,"minecraft:crossbow":2,"minecraft:bread":2,"minecraft:stone_axe":74,"minecraft:sweet_berries":4,"immersive_weathering:permafrost":5,"minecraft:cooked_porkchop":5,"minecraft:furnace":2},"minecraft:killed_by":{"minecraft:player":1},"minecraft:dropped":{"minecraft:moss_carpet":10,"minecraft:wheat_seeds":2,"minecraft:sweet_berries":3,"minecraft:brown_mushroom":4,"minecraft:mud_brick_slab":2,"minecraft:crafting_table":1,"projectvibrantjourneys:spruce_hollow_log":1,"minecraft:cobblestone":17,"dynamictrees:spruce_seed":3,"minecraft:red_terracotta":6,"projectvibrantjourneys:orange_bark_mushroom":7,"minecraft:red_mushroom":2,"minecraft:stick":18,"minecraft:dirt":1,"projectvibrantjourneys:light_brown_bark_mushroom":1,"minecraft:gray_wool":2,"minecraft:gunpowder":4,"minecraft:spruce_planks":1,"minecraft:andesite":7,"gravestone:obituary":6,"minecraft:spider_eye":2,"minecraft:arrow":2,"minecraft:wooden_pickaxe":1,"immersive_weathering:permafrost":1,"minecraft:white_wool":6,"projectvibrantjourneys:bark_mushroom":3,"minecraft:bone":12},"minecraft:picked_up":{"minecraft:mud_brick_slab":4,"spore:mutated_heart":1,"minecraft:crafting_table":2,"minecraft:andesite":7,"minecraft:leather":1,"minecraft:brown_mushroom":4,"dynamictrees:spruce_seed":4,"minecraft:wooden_pickaxe":1,"minecraft:red_mushroom":2,"gravestone:obituary":2,"minecraft:gunpowder":4,"minecraft:blue_bed":1,"projectvibrantjourneys:spruce_hollow_log":5,"minecraft:dirt":7,"minecraft:moss_carpet":9,"minecraft:bone":11,"minecraft:wheat_seeds":4,"minecraft:spruce_planks":1,"minecraft:beef":3,"spore:mutated_fiber":18,"minecraft:poppy":2,"immersive_weathering:tallow":9,"minecraft:furnace":1,"spore:cerebrum":2,"projectvibrantjourneys:light_brown_bark_mushroom":1,"minecraft:stick":14,"minecraft:sweet_berries":10,"projectvibrantjourneys:bark_mushroom":2,"minecraft:porkchop":8,"pointblank:gunmetal_nugget":22,"minecraft:spruce_log":17,"immersive_weathering:permafrost":6,"minecraft:red_terracotta":6,"minecraft:spider_eye":2,"minecraft:arrow":2,"minecraft:blue_terracotta":6,"minecraft:rotten_flesh":2,"minecraft:crossbow":1,"minecraft:gray_wool":2,"spore:spine_fragment":2,"projectvibrantjourneys:orange_bark_mushroom":8,"minecraft:mutton":11,"minecraft:coal":7,"minecraft:white_wool":12,"minecraft:cobblestone":31},"minecraft:mined":{"minecraft:yellow_terracotta":3,"spore:fungal_roots":8,"minecraft:mud_brick_slab":2,"minecraft:spruce_planks":1,"spore:wall_growths_big":13,"spore:wall_growths":1,"immersive_weathering:grassy_permafrost":2,"spore:growths_big":1,"minecraft:crafting_table":2,"gravestone:gravestone":5,"minecraft:grass_block":3,"spore:fungal_stem":3,"minecraft:blue_bed":1,"minecraft:red_terracotta":7,"minecraft:large_fern":2,"immersive_weathering:permafrost":6,"minecraft:blue_terracotta":7,"minecraft:furnace":1,"spore:bloomfung2":23,"spore:blomfung":1,"minecraft:sweet_berry_bush":1,"minecraft:spruce_log":1,"minecraft:andesite":7,"projectvibrantjourneys:bark_mushroom":1,"minecraft:moss_carpet":1,"spore:growth_mycelium":4,"dynamictrees:spruce_leaves":4,"minecraft:grass":1,"projectvibrantjourneys:spruce_hollow_log":4,"minecraft:coal_ore":4,"projectvibrantjourneys:short_grass":6,"minecraft:dirt":3,"spore:hanging_fungal_stem":38,"minecraft:stone":21,"spore:remains":2},"minecraft:custom":{"minecraft:interact_with_furnace":7,"minecraft:mob_kills":31,"minecraft:interact_with_crafting_table":4,"minecraft:time_since_death":6862,"minecraft:time_since_rest":6894,"minecraft:sprint_one_cm":113969,"minecraft:damage_taken":1788,"minecraft:walk_one_cm":82489,"minecraft:drop":56,"minecraft:damage_dealt":4747,"minecraft:talked_to_villager":1,"minecraft:swim_one_cm":7389,"minecraft:fly_one_cm":156981,"minecraft:open_chest":5,"minecraft:crouch_one_cm":110,"minecraft:play_time":29211,"minecraft:deaths":4,"minecraft:sneak_time":25,"minecraft:walk_under_water_one_cm":296,"minecraft:interact_with_lectern":1,"minecraft:jump":761,"minecraft:walk_on_water_one_cm":556,"minecraft:total_world_time":29211,"minecraft:fall_one_cm":18265},"minecraft:crafted":{"minecraft:cooked_porkchop":5,"minecraft:crafting_table":2,"minecraft:spruce_planks":76,"minecraft:wooden_pickaxe":1,"minecraft:furnace":1,"minecraft:stone_axe":1,"minecraft:cooked_mutton":2,"minecraft:air":0,"minecraft:stick":8,"minecraft:stone_pickaxe":1},"minecraft:killed":{"minecraft:wolf":1,"minecraft:pig":4,"spore:inf_player":3,"spore:inf_wanderer":2,"minecraft:spider":2,"spore:inf_drowned":1,"minecraft:creeper":1,"spore:inf_pillager":2,"minecraft:sheep":7,"minecraft:skeleton":1,"minecraft:zombie":5,"spore:inf_human":1,"minecraft:cow":1}},"DataVersion":3465}