{"stats":{"minecraft:used":{"minecraft:oak_planks":6},"minecraft:mined":{"minecraft:jungle_leaves":1,"projectvibrantjourneys:short_grass":1,"minecraft:dirt":1},"minecraft:picked_up":{"minecraft:oak_log":7,"minecraft:stick":13,"dynamictrees:oak_seed":9},"minecraft:custom":{"minecraft:jump":84,"minecraft:open_chest":1,"minecraft:time_since_rest":9104,"minecraft:damage_taken":30,"minecraft:crouch_one_cm":172,"minecraft:leave_game":6,"minecraft:play_time":9104,"minecraft:sprint_one_cm":22021,"minecraft:time_since_death":9104,"minecraft:walk_one_cm":2863,"minecraft:sneak_time":19,"minecraft:total_world_time":9104,"minecraft:fall_one_cm":1881,"minecraft:fly_one_cm":20458},"minecraft:crafted":{"minecraft:oak_planks":28}},"DataVersion":3465}