{"stats":{"minecraft:picked_up":{"minecraft:book":6,"minecraft:sandstone":12,"minecraft:wheat":5,"minecraft:cut_sandstone":1,"minecraft:acacia_log":3,"minecraft:sand":1,"pointblank:gunmetal_nugget":10,"minecraft:blast_furnace":1,"minecraft:string":1,"minecraft:stone_pressure_plate":1,"minecraft:orange_terracotta":2,"minecraft:rotten_flesh":4,"minecraft:cracked_stone_bricks":1,"minecraft:wheat_seeds":8,"minecraft:rabbit_hide":1,"minecraft:hay_block":13,"projectvibrantjourneys:cattail":1,"minecraft:mossy_stone_bricks":1,"minecraft:sugar_cane":14,"pointblank:workstation":4,"minecraft:cobblestone":1},"minecraft:killed":{"minecraft:zombie":7,"minecraft:spider":1},"minecraft:broken":{"minecraft:wooden_axe":1},"minecraft:dropped":{"gravestone:obituary":1,"projectvibrantjourneys:cattail":1},"minecraft:crafted":{"minecraft:crafting_table":1,"minecraft:stick":4,"minecraft:iron_pickaxe":1,"minecraft:wooden_axe":1,"minecraft:acacia_planks":12},"minecraft:custom":{"minecraft:time_since_rest":11283,"minecraft:sprint_one_cm":94636,"minecraft:damage_taken":540,"minecraft:walk_one_cm":40611,"minecraft:mob_kills":8,"minecraft:drop":2,"minecraft:damage_dealt":1642,"minecraft:crouch_one_cm":2,"minecraft:talked_to_villager":2,"minecraft:swim_one_cm":7664,"minecraft:interact_with_crafting_table":2,"minecraft:fly_one_cm":125096,"minecraft:open_chest":32,"minecraft:play_time":17152,"minecraft:deaths":1,"minecraft:bell_ring":3,"minecraft:sneak_time":7,"minecraft:walk_under_water_one_cm":573,"minecraft:jump":457,"minecraft:walk_on_water_one_cm":241,"minecraft:time_since_death":11256,"minecraft:climb_one_cm":3362,"minecraft:total_world_time":17152,"minecraft:fall_one_cm":11938},"minecraft:used":{"minecraft:wooden_axe":38,"minecraft:mossy_stone_bricks":1,"minecraft:bread":6,"minecraft:iron_pickaxe":32,"minecraft:sandstone":11,"minecraft:sand":1,"minecraft:rotten_flesh":5,"minecraft:cracked_stone_bricks":1,"pointblank:workstation":4,"minecraft:cobblestone":1,"minecraft:hay_block":1,"minecraft:crafting_table":1},"minecraft:mined":{"minecraft:hay_block":13,"projectvibrantjourneys:cattail":2,"minecraft:light_blue_stained_glass_pane":2,"minecraft:cut_sandstone":1,"minecraft:stone_pressure_plate":1,"minecraft:glass_pane":2,"minecraft:wheat":5,"minecraft:orange_terracotta":2,"gravestone:gravestone":1,"minecraft:acacia_log":3,"minecraft:blast_furnace":1,"minecraft:bookshelf":2,"projectvibrantjourneys:short_grass":4,"minecraft:gray_stained_glass":4,"minecraft:white_stained_glass_pane":6,"minecraft:white_stained_glass":4,"minecraft:sand":1,"pointblank:workstation":4,"minecraft:cracked_stone_bricks":1,"minecraft:stone":1,"minecraft:sugar_cane":6,"minecraft:moss_block":1,"minecraft:mossy_stone_bricks":1,"minecraft:sandstone":13,"minecraft:oak_leaves":1,"minecraft:spawner":1}},"DataVersion":3465}