{"stats":{"minecraft:custom":{"minecraft:interact_with_crafting_table":63,"minecraft:open_barrel":42,"minecraft:leave_game":14,"minecraft:time_since_death":1477,"minecraft:damage_resisted":72,"minecraft:sprint_one_cm":2185820,"minecraft:drop":345,"minecraft:talked_to_villager":2,"minecraft:play_time":725404,"minecraft:deaths":37,"minecraft:jump":11114,"minecraft:walk_on_water_one_cm":71090,"minecraft:interact_with_furnace":15,"minecraft:sleep_in_bed":11,"minecraft:damage_dealt":178818,"minecraft:player_kills":1,"minecraft:crouch_one_cm":88115,"minecraft:interact_with_smoker":1,"minecraft:mob_kills":800,"minecraft:damage_dealt_resisted":9093,"minecraft:climb_one_cm":26183,"minecraft:walk_one_cm":1617477,"minecraft:damage_dealt_absorbed":240,"minecraft:sneak_time":21433,"minecraft:walk_under_water_one_cm":46959,"minecraft:total_world_time":725404,"minecraft:time_since_rest":1653,"minecraft:damage_taken":42097,"minecraft:damage_absorbed":1427,"minecraft:swim_one_cm":134777,"minecraft:fly_one_cm":2246585,"minecraft:open_chest":933,"minecraft:fall_one_cm":367651},"minecraft:picked_up":{"gamma_beasts:thin_oak_log":2,"minecraft:wheat":12,"minecraft:lead":1,"gamma_beasts:fur":5,"minecraft:sentry_armor_trim_smithing_template":2,"minecraft:diamond_sword":2,"minecraft:oak_stairs":3,"minecraft:potion":1,"minecraft:stone_brick_stairs":7,"depthcrawler:greenshard":12,"minecraft:string":79,"minecraft:dark_oak_trapdoor":1,"minecraft:red_nether_bricks":1,"minecraft:iron_leggings":3,"depthcrawler:blackshard":1,"regions_unexplored:pine_log":3,"minecraft:activator_rail":4,"minecraft:deepslate_tiles":1,"minecraft:cobbled_deepslate":150,"minecraft:gold_nugget":1,"minecraft:bucket":1,"minecraft:melon_slice":67,"regions_unexplored:redwood_log":134,"born_in_chaos_v1:stimulating_decoction":1,"gamma_beasts:shecko_saddle":1,"minecraft:iron_boots":3,"minecraft:dark_oak_door":1,"minecraft:golden_helmet":1,"minecraft:tipped_arrow":17,"minecraft:stick":11,"cwsr:water_essence":1,"born_in_chaos_v1:phantom_powder":3,"minecraft:torch":30,"minecraft:acacia_log":3,"minecraft:spruce_stairs":2,"minecraft:porkchop":12,"orcz:squigs_claws":2,"minecraft:diorite":24,"born_in_chaos_v1:nightmare_claw":6,"cardinal_sins:stone_greatsword":1,"minecraft:golden_chestplate":2,"minecraft:quartz_block":8,"minecraft:rotten_flesh":335,"orcz:orcshroom":2,"gamma_beasts:golden_berries":1,"undead_revamp2:arapholia":2,"minecraft:iron_bars":67,"minecraft:cobblestone":339,"biomesoplenty:lavender":6,"minecraft:birch_log":1,"dungeonsweaponry:the_green_menace":1,"minecraft:mossy_cobblestone_slab":1,"minecraft:leather_chestplate":6,"orcz:orcteeth":96,"minecraft:andesite":30,"dungeonsweaponry:stormlander":1,"minecraft:iron_door":3,"born_in_chaos_v1:spiritual_dust":5,"minecraft:golden_leggings":1,"minecraft:flint":1,"minecraft:tuff":31,"deep_dark_regrowth:mossy_fluorite":52,"minecraft:lapis_lazuli":33,"minecraft:dirt":1674,"cwsr:beast_essence":1,"minecraft:name_tag":1,"born_in_chaos_v1:monster_skin":17,"minecraft:leather_boots":6,"minecraft:bone":170,"undead_revamp2:blacpetalblock":2,"minecraft:bow":7,"minecraft:wheat_seeds":25,"minecraft:raw_gold":4,"minecraft:mossy_stone_bricks":7,"minecraft:moss_block":1,"minecraft:oak_planks":10,"minecraft:mossy_stone_brick_stairs":7,"biomesoplenty:toadstool":3,"minecraft:chiseled_polished_blackstone":2,"orcz:orcagaric":2,"orcz:blue_orcshroom":2,"minecraft:sand":5,"minecraft:nether_brick_stairs":3,"minecraft:grass_block":7,"minecraft:dark_oak_log":2,"minecraft:diamond_block":3,"minecraft:mossy_cobblestone":14,"minecraft:barrel":2,"minecraft:polished_andesite":9,"regions_unexplored:hyssop":1,"minecraft:deepslate":2,"born_in_chaos_v1:fire_dust":1,"minecraft:diamond":10,"regions_unexplored:clover":2,"minecraft:granite":49,"minecraft:bone_meal":30,"minecraft:golden_apple":18,"minecraft:bread":32,"minecraft:emerald":132,"minecraft:chainmail_helmet":3,"born_in_chaos_v1:rotten_fish":2,"orcz:ironscrap":6,"minecraft:oak_sapling":4,"minecraft:netherrack":4,"minecraft:ladder":2,"minecraft:chicken":2,"minecraft:clay_ball":4,"born_in_chaos_v1:seedof_chaos":13,"minecraft:leather_leggings":1,"mowziesmobs:glowing_jelly":3,"minecraft:gold_block":61,"minecraft:chain":1,"gravestone:obituary":15,"minecraft:shield":4,"minecraft:moss_carpet":5,"minecraft:iron_axe":1,"minecraft:white_carpet":1,"minecraft:iron_shovel":1,"minecraft:cyan_carpet":1,"minecraft:glass_pane":1,"minecraft:cracked_stone_bricks":5,"minecraft:beef":6,"deep_dark_regrowth:sculk_soil":9,"born_in_chaos_v1:gnawed_bones":1,"minecraft:spruce_slab":4,"regions_unexplored:redwood_planks":28,"minecraft:chest":4,"dungeonsweaponry:backstabber":1,"minecraft:egg":8,"depthcrawler:ancientmechanism":2,"minecraft:raw_iron":2,"minecraft:stripped_crimson_hyphae":2,"minecraft:stripped_mangrove_wood":1,"minecraft:stone":51,"minecraft:copper_ingot":4,"minecraft:spruce_fence":1,"orcz:orchorn":4,"born_in_chaos_v1:pieceofdarkmetal":21,"minecraft:carrot":1,"minecraft:redstone":4,"minecraft:dark_oak_planks":3,"depthcrawler:whiteshard":1,"dungeonsweaponry:whispering_spear":1,"regions_unexplored:mossy_stone":1,"minecraft:iron_horse_armor":1,"minecraft:stone_pressure_plate":1,"regions_unexplored:purple_coneflower":6,"minecraft:arrow":104,"minecraft:diamond_chestplate":2,"minecraft:beetroot_seeds":4,"biomesoplenty:jacaranda_log":5,"minecraft:decorated_pot":1,"born_in_chaos_v1:wood_splitter_axe":1,"minecraft:nether_bricks":7,"crittersandcompanions:silk":4,"minecraft:hay_block":58,"born_in_chaos_v1:spiny_shell":6,"minecraft:saddle":1,"minecraft:gold_ingot":1,"minecraft:totem_of_undying":4,"minecraft:glow_berries":1,"minecraft:mutton":12,"deep_dark_regrowth:sculk_bone":8,"minecraft:rail":7,"minecraft:white_wool":6,"born_in_chaos_v1:fused_bone":4,"minecraft:stripped_oak_log":1,"born_in_chaos_v1:corpse_maggot":47,"regions_unexplored:peat_dirt":1,"born_in_chaos_v1:monster_flesh":23,"minecraft:leather":4,"cwsr:earth_essence":2,"gamma_beasts:bird_thigh":2,"minecraft:filled_map":1,"minecraft:oak_log":34,"minecraft:chainmail_chestplate":2,"minecraft:golden_boots":3,"minecraft:yellow_bed":1,"minecraft:gunpowder":23,"minecraft:cobblestone_stairs":3,"mowziesmobs:wrought_axe":1,"minecraft:sculk_vein":5,"minecraft:red_carpet":1,"minecraft:gray_carpet":1,"minecraft:stone_bricks":27,"gamma_beasts:meat":4,"mowziesmobs:foliaath_seed":2,"minecraft:rabbit_hide":1,"minecraft:iron_ingot":17,"regions_unexplored:redwood_sapling":5,"minecraft:cobweb":4,"minecraft:iron_sword":2,"minecraft:dark_oak_stairs":3,"minecraft:book":6,"deep_dark_regrowth:plasma_chunk":34,"minecraft:emerald_block":1,"minecraft:sweet_berries":109,"minecraft:chiseled_stone_bricks":8,"born_in_chaos_v1:lifestealer_bone":3,"minecraft:stone_brick_slab":1,"born_in_chaos_v1:orbofthe_summoner":1,"born_in_chaos_v1:ethereal_spirit":15,"orcz:bone_1deco":2,"minecraft:gravel":12,"minecraft:birch_stairs":1,"mowziesmobs:wrought_helmet":2,"minecraft:blast_furnace":3,"born_in_chaos_v1:fangofthe_hound_leader":2,"minecraft:spruce_log":1,"minecraft:spider_eye":9,"minecraft:leather_helmet":2,"undead_revamp2:rawbostrox":5,"travelersbackpack:standard":10,"minecraft:coal_ore":2,"minecraft:pumpkin_seeds":2,"minecraft:purple_bed":2,"minecraft:slime_ball":22,"regions_unexplored:fireweed":1,"minecraft:chainmail_leggings":2,"minecraft:iron_helmet":1,"minecraft:diamond_axe":1,"minecraft:painting":1,"regions_unexplored:maple_log":9,"minecraft:mossy_cobblestone_stairs":7,"dungeonsweaponry:glaive":4,"minecraft:terracotta":4,"minecraft:baked_potato":1,"orcz:orceye":2,"minecraft:melon_seeds":4,"depthcrawler:hauntedcavedeepplush":1,"minecraft:coal":10},"minecraft:mined":{"minecraft:stone_pressure_plate":1,"regions_unexplored:maple_log":9,"minecraft:sculk_vein":5,"minecraft:cobblestone_stairs":1,"minecraft:red_nether_bricks":1,"deep_dark_regrowth:fluorescent_moss":13,"minecraft:cave_vines_plant":1,"minecraft:granite":16,"minecraft:stripped_crimson_hyphae":1,"minecraft:chiseled_polished_blackstone":3,"minecraft:acacia_log":2,"minecraft:grass_block":476,"minecraft:chiseled_stone_bricks":9,"regions_unexplored:purple_coneflower":2,"minecraft:spawner":207,"minecraft:magma_block":2,"minecraft:mossy_cobblestone_slab":1,"minecraft:mossy_cobblestone_stairs":5,"minecraft:fire":28,"minecraft:cobbled_deepslate":28,"regions_unexplored:mossy_stone":2,"biomesoplenty:lavender":6,"regions_unexplored:redwood_planks":27,"minecraft:deepslate_lapis_ore":2,"minecraft:nether_brick_stairs":3,"minecraft:dark_oak_stairs":2,"minecraft:iron_bars":66,"minecraft:stripped_mangrove_wood":1,"minecraft:quartz_block":55,"deep_dark_regrowth:sculk_ribs":7,"minecraft:clay":1,"minecraft:torch":2,"minecraft:blast_furnace":3,"minecraft:melon":14,"minecraft:chest":2,"minecraft:cobblestone":40,"deep_dark_regrowth:overloaded_sculk":69,"minecraft:oak_planks":10,"minecraft:iron_door":3,"minecraft:wall_torch":5,"regions_unexplored:pine_log":3,"minecraft:chain":1,"minecraft:stone_brick_stairs":4,"minecraft:grass":16,"minecraft:oak_log":31,"minecraft:sand":3,"minecraft:dirt":1344,"regions_unexplored:clover":1,"dungeonsweaponry:emerald_pot":4,"minecraft:tripwire_hook":1,"minecraft:deepslate":112,"minecraft:netherrack":4,"minecraft:oak_leaves":13,"minecraft:emerald_block":6,"minecraft:deepslate_tiles":2,"minecraft:tuff":32,"minecraft:red_carpet":1,"deep_dark_regrowth:plasma_block":31,"deep_dark_regrowth:sculk_soil":9,"minecraft:mossy_cobblestone":11,"minecraft:dark_oak_log":2,"minecraft:nether_bricks":7,"gravestone:gravestone":36,"minecraft:spruce_fence":1,"regions_unexplored:maple_leaves":2,"minecraft:moss_block":1,"minecraft:hay_block":58,"biomesoplenty:jacaranda_log":6,"minecraft:andesite":29,"biomesoplenty:sea_oats":1,"minecraft:gold_block":61,"minecraft:mossy_stone_brick_stairs":6,"minecraft:bookshelf":6,"minecraft:deepslate_iron_ore":2,"crittersandcompanions:silk_cocoon":1,"minecraft:vine":28,"minecraft:stripped_oak_log":1,"biomesoplenty:barley":5,"regions_unexplored:medium_grass":7,"regions_unexplored:redwood_log":137,"minecraft:stone":328,"regions_unexplored:windswept_grass":4,"minecraft:glass_pane":4,"minecraft:stone_brick_slab":1,"travelersbackpack:standard":5,"minecraft:tall_grass":2,"minecraft:lapis_ore":3,"minecraft:deepslate_gold_ore":1,"minecraft:sculk":211,"minecraft:diorite":12,"minecraft:spruce_stairs":2,"minecraft:black_stained_glass":1,"minecraft:purple_bed":1,"minecraft:sweet_berry_bush":1,"minecraft:white_carpet":1,"regions_unexplored:redwood_leaves":51,"gamma_beasts:thin_oak_log":2,"minecraft:coal_ore":4,"minecraft:cyan_carpet":1,"minecraft:gravel":12,"minecraft:gray_carpet":1,"minecraft:cobweb":10,"minecraft:cracked_stone_bricks":7,"minecraft:terracotta":4,"minecraft:polished_andesite":9,"minecraft:stone_bricks":31,"minecraft:mossy_stone_bricks":6,"minecraft:fern":3,"minecraft:dark_oak_planks":1},"minecraft:broken":{"minecraft:diamond_helmet":1,"minecraft:iron_boots":1,"minecraft:iron_chestplate":1,"minecraft:stone_pickaxe":2,"minecraft:diamond_boots":1,"minecraft:stone_axe":1,"born_in_chaos_v1:wood_splitter_axe":1,"minecraft:stone_sword":4,"minecraft:diamond_leggings":1,"minecraft:iron_pickaxe":2,"minecraft:iron_helmet":2},"minecraft:killed":{"born_in_chaos_v1:lifestealer_true_form":1,"born_in_chaos_v1:zombie_clown":2,"minecraft:cave_spider":18,"orcz:goblinshield":2,"born_in_chaos_v1:zombie_lumberjack":3,"born_in_chaos_v1:restless_spirit":4,"minecraft:spider":38,"dungeonsweaponry:enchanter":4,"undead_revamp2:thesmoker":5,"born_in_chaos_v1:siamese_skeletonsright":2,"born_in_chaos_v1:baby_skeleton_minion":5,"undead_revamp2:theswarmer":2,"born_in_chaos_v1:scarlet_persecutor":3,"creeperoverhaul:bamboo_creeper":1,"minecraft:skeleton":71,"minecraft:bee":4,"creeperoverhaul:dark_oak_creeper":1,"gamma_beasts:shecko_a":1,"orcz:goblinsavagebomb":1,"minecraft:chicken":2,"minecraft:silverfish":4,"undead_revamp2:therod":2,"orcz:squig":2,"undead_revamp2:thepregnant":2,"born_in_chaos_v1:firelight_not_despawn":1,"undead_revamp2:thespitter":5,"gamma_beasts:muba_c":2,"depthcrawler:cavedeep":10,"minecraft:wolf":1,"born_in_chaos_v1:bonescaller":1,"minecraft:pig":2,"minecraft:zombie_villager":3,"orcz:goblinsavagemace":2,"undead_revamp2:theheavy":2,"orcz:goblinwerid":1,"gamma_beasts:careyatros_a":2,"dungeonsweaponry:nameless_one":2,"minecraft:creeper":10,"orcz:invinciblespore":1,"mowziesmobs:lantern":1,"minecraft:sheep":7,"minecraft:pillager":22,"minecraft:zombie":130,"born_in_chaos_v1:dread_hound":8,"born_in_chaos_v1:corpse_fly":30,"minecraft:stray":34,"orcz:bigorcboss":4,"dungeonsweaponry:geomancer":2,"undead_revamp2:propball_1":3,"born_in_chaos_v1:door_knight":3,"orcz:orcsavage_2sword":6,"orcz:snot":11,"orcz:orcshield":7,"born_in_chaos_v1:siamese_skeletonsleft":2,"gamma_beasts:sppinto_c":1,"minecraft:cow":3,"cardinal_sins:skeletonofgluttony":2,"minecraft:evoker":3,"minecraft:vex":12,"undead_revamp2:thehunter":5,"dungeonsweaponry:vanguard":12,"minecraft:vindicator":21,"undead_revamp2:bomber":6,"born_in_chaos_v1:thornshell_crab":2,"born_in_chaos_v1:zombie_bruiser":4,"born_in_chaos_v1:maggot":42,"minecraft:phantom":1,"gamma_beasts:sppinto_a":1,"born_in_chaos_v1:dire_hound_leader":1,"mowziesmobs:ferrous_wroughtnaut":1,"depthcrawler:nightmaredeep":1,"undead_revamp2:thebidy":1,"minecraft:drowned":1,"born_in_chaos_v1:corpse_fish":1,"orcz:orcsavagemace":6,"undead_revamp2:thehorrors":1,"orcz:orcsavageweird":2,"undead_revamp2:sucker":2,"born_in_chaos_v1:spiritof_chaos":3,"born_in_chaos_v1:fallen_chaos_knight":3,"minecraft:husk":14,"born_in_chaos_v1:bone_imp_minion":8,"born_in_chaos_v1:baby_skeleton":5,"born_in_chaos_v1:swarmer":1,"creeperoverhaul:spruce_creeper":1,"undead_revamp2:the_moonflower":29,"minecraft:bat":2,"depthcrawler:oceanicdeep":1,"born_in_chaos_v1:decrepit_skeleton":13,"born_in_chaos_v1:phantom_creeper_copy":2,"born_in_chaos_v1:bloody_gadfly":1,"born_in_chaos_v1:bonescaller_not_despawn":1,"born_in_chaos_v1:dark_vortex":1,"born_in_chaos_v1:nightmare_stalker":6,"orcz:goblin_2sword":2,"minecraft:wither_skeleton":20,"minecraft:villager":2,"gamma_beasts:muba_a":1},"minecraft:crafted":{"minecraft:oak_planks":88,"regions_unexplored:maple_planks":36,"cwsr:wind_boom":1,"gamma_beasts:shecko_saddle":2,"minecraft:chest":42,"born_in_chaos_v1:pileof_dark_metal":2,"gamma_beasts:diamond_golem_saddle":1,"biomesoplenty:jacaranda_planks":20,"minecraft:crafting_table":11,"minecraft:wooden_pickaxe":1,"minecraft:iron_helmet":1,"gamma_beasts:dogishi_saddle":1,"minecraft:stick":60,"minecraft:iron_pickaxe":2,"cwsr:meteor_sword":1,"minecraft:stone_sword":8,"gamma_beasts:golden_berries":63,"vanillaplustools:iron_shovel":1,"minecraft:furnace":1,"minecraft:bone_meal":213,"minecraft:leather":8,"minecraft:stone_pickaxe":1,"gamma_beasts:muba_saddle":1,"cwsr:thunderstorm_sword":1,"minecraft:dark_oak_planks":8,"cwsr:sword_handle":3,"minecraft:wheat":702,"minecraft:iron_sword":2,"minecraft:stone_axe":1,"gamma_beasts:leather_saddle":7,"minecraft:bread":234,"minecraft:blue_dye":2,"gamma_beasts:careyatros_saddle":1,"regions_unexplored:redwood_planks":536,"regions_unexplored:pine_planks":12,"gamma_beasts:sppinto_saddle":1,"minecraft:wooden_axe":1,"minecraft:iron_shovel":9,"minecraft:acacia_planks":8},"minecraft:dropped":{"minecraft:nether_brick_stairs":3,"minecraft:iron_sword":1,"minecraft:moss_block":1,"minecraft:porkchop":8,"minecraft:dark_oak_stairs":2,"minecraft:diamond_axe":1,"minecraft:oak_log":1,"minecraft:glow_berries":10,"orcz:blue_orcshroom":1,"minecraft:leather":1,"minecraft:iron_horse_armor":1,"minecraft:mossy_stone_brick_stairs":2,"minecraft:cracked_stone_bricks":4,"born_in_chaos_v1:pieceofdarkmetal":5,"regions_unexplored:redwood_sapling":2,"travelersbackpack:standard":1,"born_in_chaos_v1:nightmare_claw":2,"minecraft:flint":1,"minecraft:rail":7,"minecraft:red_carpet":1,"minecraft:leather_helmet":2,"regions_unexplored:maple_planks":4,"minecraft:sentry_armor_trim_smithing_template":2,"minecraft:cobblestone_stairs":2,"born_in_chaos_v1:monster_flesh":3,"minecraft:dirt":36,"cwsr:wind_boom":1,"born_in_chaos_v1:phantom_powder":3,"born_in_chaos_v1:monster_skin":4,"minecraft:dark_oak_trapdoor":1,"minecraft:mutton":1,"gravestone:obituary":30,"minecraft:gold_nugget":2,"minecraft:bone_meal":59,"minecraft:sand":3,"undead_revamp2:blacpetalblock":1,"minecraft:dark_oak_planks":2,"minecraft:birch_log":1,"minecraft:cyan_carpet":1,"minecraft:gold_ingot":2,"minecraft:gravel":5,"biomesoplenty:toadstool":2,"minecraft:chiseled_polished_blackstone":2,"minecraft:emerald_block":1,"minecraft:golden_chestplate":1,"minecraft:cobbled_deepslate":29,"minecraft:wheat":11,"minecraft:obsidian":6,"undead_revamp2:arapholia":1,"born_in_chaos_v1:ethereal_spirit":3,"minecraft:rotten_flesh":53,"minecraft:oak_planks":5,"regions_unexplored:redwood_planks":6,"regions_unexplored:mossy_stone":1,"gamma_beasts:diamond_golem_saddle":1,"orcz:orcshroom":2,"gamma_beasts:golden_berries":21,"minecraft:chainmail_chestplate":1,"minecraft:chiseled_stone_bricks":5,"minecraft:rabbit_hide":1,"minecraft:leather_chestplate":3,"regions_unexplored:peat_dirt":1,"minecraft:tipped_arrow":3,"minecraft:deepslate_tiles":1,"minecraft:gunpowder":15,"minecraft:coal_ore":2,"born_in_chaos_v1:fangofthe_hound_leader":1,"born_in_chaos_v1:corpse_maggot":16,"minecraft:leather_boots":3,"minecraft:chest":2,"minecraft:ladder":2,"minecraft:spruce_wood":5,"minecraft:leather_leggings":1,"minecraft:red_nether_bricks":1,"minecraft:iron_bars":23,"minecraft:arrow":3,"minecraft:beef":3,"cardinal_sins:stone_greatsword":1,"minecraft:stone_brick_stairs":6,"minecraft:netherrack":1,"depthcrawler:greenshard":11,"minecraft:egg":6,"minecraft:golden_boots":1,"minecraft:bread":53,"regions_unexplored:fireweed":1,"minecraft:wheat_seeds":20,"minecraft:mossy_cobblestone":8,"biomesoplenty:lavender":6,"minecraft:cobblestone":128,"minecraft:sculk_vein":5,"orcz:orcagaric":2,"minecraft:granite":32,"minecraft:activator_rail":4,"minecraft:chainmail_helmet":1,"minecraft:grass_block":7,"minecraft:coal":6,"minecraft:golden_apple":16,"minecraft:stick":3,"minecraft:cobweb":4,"minecraft:diorite":24,"minecraft:wooden_axe":1,"born_in_chaos_v1:fused_bone":4,"minecraft:iron_door":3,"minecraft:iron_leggings":2,"minecraft:oak_stairs":1,"mowziesmobs:wrought_helmet":1,"minecraft:mossy_cobblestone_stairs":3,"minecraft:chainmail_leggings":1,"minecraft:string":43,"depthcrawler:ancientmechanism":2,"minecraft:stone_brick_slab":1,"minecraft:redstone":2,"minecraft:moss_carpet":4,"minecraft:sweet_berries":68,"minecraft:tuff":1,"minecraft:raw_iron":2,"minecraft:chicken":1,"minecraft:white_carpet":1,"regions_unexplored:clover":2,"minecraft:iron_boots":2,"dungeonsweaponry:glaive":1,"regions_unexplored:hyssop":1,"orcz:ironscrap":1,"minecraft:nether_bricks":2,"minecraft:totem_of_undying":1,"minecraft:spruce_fence":1,"minecraft:glass_pane":1,"minecraft:pumpkin_seeds":2,"minecraft:filled_map":1,"mowziesmobs:glowing_jelly":3,"minecraft:stone":42,"minecraft:shield":3,"orcz:orcteeth":9,"minecraft:diamond_chestplate":1,"minecraft:andesite":27,"minecraft:mossy_stone_bricks":4,"minecraft:purple_bed":2,"minecraft:golden_leggings":1,"minecraft:oak_sapling":4,"minecraft:stone_pressure_plate":1,"minecraft:spider_eye":6,"minecraft:stone_bricks":18,"minecraft:spruce_log":1,"minecraft:slime_ball":10,"minecraft:stripped_crimson_hyphae":1,"gamma_beasts:shecko_saddle":2,"minecraft:bow":1,"minecraft:wooden_pickaxe":1,"minecraft:raw_gold":1,"minecraft:vex_armor_trim_smithing_template":1,"minecraft:terracotta":4},"minecraft:killed_by":{"minecraft:zombie":1,"minecraft:player":1,"gamma_beasts:dogishi_a":1},"minecraft:used":{"dungeonsweaponry:double_axe":237,"minecraft:iron_shovel":61,"dungeonsweaponry:frost_slayer":1,"minecraft:chest":42,"dungeonsweaponry:the_green_menace":2,"minecraft:rotten_flesh":30,"minecraft:tuff":7,"vanillaplustools:iron_shovel":234,"born_in_chaos_v1:corpse_maggot":10,"minecraft:stone_bricks":6,"minecraft:sweet_berries":18,"minecraft:cooked_cod":2,"minecraft:furnace":1,"minecraft:mossy_stone_bricks":1,"minecraft:stone_pickaxe":377,"minecraft:oak_planks":2,"minecraft:wooden_pickaxe":32,"minecraft:golden_apple":38,"cwsr:wind_boom":22,"minecraft:sand":2,"regions_unexplored:redwood_planks":272,"minecraft:bread":335,"minecraft:gravel":1,"cwsr:meteor_sword":1830,"minecraft:andesite":32,"minecraft:bone_meal":92,"minecraft:iron_bars":2,"minecraft:acacia_log":1,"minecraft:stone_sword":913,"born_in_chaos_v1:ethereal_spirit":7,"minecraft:torch":374,"minecraft:dirt":1551,"dungeonsweaponry:backstabber":2,"minecraft:wooden_axe":2,"minecraft:golden_carrot":21,"minecraft:beef":10,"minecraft:cobbled_deepslate":115,"dungeonsweaponry:stormlander":1,"minecraft:polished_andesite":13,"minecraft:baked_potato":18,"minecraft:cracked_stone_bricks":1,"anthropology_items__structures:hunters_machete":141,"minecraft:mossy_cobblestone":19,"minecraft:crafting_table":11,"minecraft:cod":2,"mowziesmobs:wrought_axe":1,"dungeonsweaponry:guardian_bow":52,"minecraft:diamond_pickaxe":175,"minecraft:apple":118,"minecraft:iron_pickaxe":1039,"minecraft:stone_axe":174,"travelersbackpack:standard":84,"minecraft:cobblestone":137,"minecraft:pumpkin_pie":26,"minecraft:stripped_crimson_hyphae":1,"born_in_chaos_v1:wood_splitter_axe":142,"minecraft:yellow_bed":1,"minecraft:birch_stairs":1,"regions_unexplored:pine_planks":12}},"DataVersion":3465}