{"stats":{"minecraft:picked_up":{"minecraft:stick":13,"minecraft:oak_log":10,"dynamictrees:oak_seed":3,"projectvibrantjourneys:orange_bark_mushroom":1,"projectvibrantjourneys:bark_mushroom":3},"minecraft:dropped":{"projectvibrantjourneys:orange_bark_mushroom":1},"minecraft:crafted":{"minecraft:crafting_table":1,"minecraft:oak_planks":40},"minecraft:custom":{"minecraft:jump":16,"minecraft:time_since_rest":4401,"minecraft:crouch_one_cm":2604,"minecraft:sprint_one_cm":802,"minecraft:play_time":4401,"minecraft:time_since_death":4401,"minecraft:walk_one_cm":7072,"minecraft:sneak_time":526,"minecraft:total_world_time":4401,"minecraft:drop":1,"minecraft:fall_one_cm":209,"minecraft:fly_one_cm":377},"minecraft:mined":{"dynamictrees:oak_leaves":1}},"DataVersion":3465}