{"stats":{"minecraft:custom":{"minecraft:interact_with_crafting_table":34,"minecraft:open_barrel":49,"minecraft:bell_ring":1,"minecraft:leave_game":5,"minecraft:time_since_death":49217,"minecraft:sprint_one_cm":726688,"minecraft:drop":180,"minecraft:talked_to_villager":4,"minecraft:play_time":350416,"minecraft:deaths":24,"minecraft:jump":5411,"minecraft:walk_on_water_one_cm":42331,"minecraft:interact_with_furnace":44,"minecraft:sleep_in_bed":8,"minecraft:damage_dealt":50806,"minecraft:crouch_one_cm":32200,"minecraft:mob_kills":279,"minecraft:damage_dealt_resisted":2502,"minecraft:climb_one_cm":29573,"minecraft:walk_one_cm":1087986,"minecraft:sneak_time":11601,"minecraft:walk_under_water_one_cm":38232,"minecraft:boat_one_cm":131175,"minecraft:total_world_time":350416,"minecraft:time_since_rest":49266,"minecraft:damage_taken":23188,"minecraft:damage_absorbed":280,"minecraft:swim_one_cm":54891,"minecraft:fly_one_cm":832589,"minecraft:open_chest":325,"minecraft:fall_one_cm":194873},"minecraft:crafted":{"minecraft:oak_planks":60,"minecraft:cooked_chicken":5,"minecraft:cooked_mutton":27,"minecraft:glass":46,"minecraft:chest":2,"vanillaplustools:stone_shovel":1,"minecraft:cooked_rabbit":1,"biomesoplenty:jacaranda_planks":24,"minecraft:cooked_porkchop":25,"minecraft:crafting_table":2,"minecraft:spruce_planks":20,"travelersbackpack:standard":2,"minecraft:stick":60,"minecraft:iron_ingot":2,"minecraft:iron_pickaxe":3,"gamma_beasts:golden_berries":21,"minecraft:stone_shovel":9,"travelersbackpack:white_sleeping_bag":1,"travelersbackpack:gold":1,"minecraft:stone_pickaxe":3,"gamma_beasts:banndu_saddle":1,"minecraft:cooked_beef":18,"biomesoplenty:jacaranda_boat":1,"travelersbackpack:backpack_tank":4,"travelersbackpack:black_sleeping_bag":1,"minecraft:stone_axe":4,"gamma_beasts:leather_saddle":1,"minecraft:air":0},"minecraft:dropped":{"minecraft:dark_oak_stairs":1,"crittersandcompanions:clam":1,"minecraft:glass_bottle":2,"minecraft:sandstone_stairs":1,"orcz:blue_orcshroom":2,"minecraft:cracked_stone_bricks":2,"travelersbackpack:standard":1,"minecraft:cobblestone_stairs":1,"minecraft:dirt":191,"minecraft:mutton":2,"regions_unexplored:purple_coneflower":4,"gravestone:obituary":28,"minecraft:bone_meal":1,"minecraft:phantom_membrane":1,"minecraft:fermented_spider_eye":1,"minecraft:bone":1,"minecraft:golden_chestplate":1,"minecraft:stripped_jungle_wood":3,"minecraft:rotten_flesh":61,"orcz:orcshroom":2,"minecraft:jungle_stairs":2,"born_in_chaos_v1:corpse_maggot":1,"minecraft:iron_bars":9,"minecraft:arrow":8,"minecraft:beef":1,"biomesoplenty:tall_lavender":2,"minecraft:egg":1,"minecraft:golden_boots":2,"minecraft:wheat_seeds":14,"biomesoplenty:lavender":1,"minecraft:feather":2,"minecraft:iron_helmet":1,"orcz:orcagaric":2,"minecraft:granite":7,"minecraft:stick":5,"minecraft:melon_slice":3,"regions_unexplored:barley":2,"minecraft:jungle_door":1,"minecraft:angler_pottery_sherd":1,"minecraft:chainmail_leggings":1,"minecraft:string":8,"minecraft:bucket":1,"minecraft:sweet_berries":2,"minecraft:stone_shovel":5,"minecraft:chicken":1,"minecraft:stripped_acacia_wood":2,"minecraft:andesite":2,"minecraft:yellow_bed":2,"minecraft:oak_sapling":1,"minecraft:golden_leggings":1,"minecraft:spider_eye":3,"minecraft:sandstone":2,"minecraft:bow":1,"minecraft:stone_pickaxe":1,"minecraft:raw_gold":3,"minecraft:black_wool":3},"minecraft:broken":{"minecraft:leather_leggings":2,"minecraft:stone_pickaxe":2,"minecraft:stone_axe":3,"minecraft:leather_chestplate":1,"minecraft:iron_pickaxe":1,"vanillaplustools:stone_shovel":1},"minecraft:used":{"minecraft:chest":3,"minecraft:carrot":23,"minecraft:cooked_cod":4,"minecraft:furnace":1,"minecraft:potato":14,"minecraft:dark_oak_stairs":2,"cardinal_sins:stone_greatsword":481,"minecraft:stone_pickaxe":369,"minecraft:oak_planks":55,"minecraft:leather_chestplate":1,"minecraft:golden_apple":8,"cwsr:wind_boom":5,"biomesoplenty:jacaranda_planks":1,"minecraft:melon_slice":127,"minecraft:bread":47,"biomesoplenty:jacaranda_boat":1,"minecraft:iron_bars":2,"minecraft:stone_shovel":1,"minecraft:cooked_chicken":5,"minecraft:orange_bed":2,"minecraft:torch":100,"minecraft:dirt":564,"minecraft:dark_oak_planks":2,"travelersbackpack:gold":22,"minecraft:iron_axe":1,"minecraft:oak_stairs":1,"minecraft:golden_carrot":22,"minecraft:cooked_beef":19,"minecraft:cobbled_deepslate":7,"minecraft:cooked_mutton":27,"taxov:block_sailor":1,"minecraft:baked_potato":4,"minecraft:salmon":4,"minecraft:mossy_cobblestone":2,"minecraft:crafting_table":8,"vanillaplustools:stone_shovel":130,"minecraft:cod":10,"minecraft:painting":1,"minecraft:oak_log":3,"minecraft:iron_pickaxe":330,"minecraft:stone_axe":326,"minecraft:cobblestone":90,"travelersbackpack:standard":1,"minecraft:cooked_porkchop":5,"minecraft:yellow_bed":2},"minecraft:killed_by":{"minecraft:zombie":1,"minecraft:player":1},"minecraft:mined":{"minecraft:dark_oak_planks":2,"minecraft:cobblestone_stairs":1,"minecraft:granite":7,"minecraft:grass_block":180,"biomesoplenty:flowering_oak_leaves":2,"minecraft:coal_block":12,"minecraft:sandstone_stairs":1,"minecraft:spawner":36,"biomesoplenty:tall_lavender":2,"minecraft:iron_ore":9,"minecraft:fire":8,"biomesoplenty:lavender":4,"regions_unexplored:mossy_stone":1,"minecraft:moss_carpet":1,"minecraft:dark_oak_stairs":3,"minecraft:dirt_path":2,"minecraft:oak_stairs":1,"minecraft:iron_bars":13,"regions_unexplored:silt_grass_block":1,"minecraft:spruce_slab":1,"minecraft:orange_bed":2,"biomesoplenty:jacaranda_leaves":3,"minecraft:jungle_door":1,"deep_dark_regrowth:sculk_ribs":7,"minecraft:powder_snow":13,"minecraft:jungle_stairs":4,"minecraft:melon":28,"minecraft:chest":3,"minecraft:cobblestone":15,"deep_dark_regrowth:overloaded_sculk":82,"minecraft:oak_planks":1,"minecraft:wall_torch":5,"minecraft:skeleton_skull":1,"minecraft:grass":56,"minecraft:oak_log":10,"minecraft:sand":64,"minecraft:dirt":591,"travelersbackpack:gold":7,"minecraft:oak_leaves":2,"minecraft:deepslate":28,"deep_dark_regrowth:plasma_block":22,"minecraft:quartz_stairs":8,"deep_dark_regrowth:sculk_soil":3,"minecraft:deepslate_diamond_ore":2,"regions_unexplored:barley":2,"minecraft:glow_lichen":1,"gravestone:gravestone":24,"biomesoplenty:bush":2,"minecraft:decorated_pot":1,"minecraft:jungle_planks":2,"minecraft:stripped_jungle_wood":4,"minecraft:sandstone":13,"minecraft:large_fern":1,"minecraft:hay_block":20,"biomesoplenty:jacaranda_log":6,"minecraft:furnace":1,"minecraft:carrots":1,"minecraft:andesite":3,"gamma_beasts:acacia_hoja":1,"biomesoplenty:high_grass":2,"minecraft:vine":16,"regions_unexplored:medium_grass":9,"minecraft:stone":103,"regions_unexplored:windswept_grass":7,"minecraft:crafting_table":7,"minecraft:cornflower":1,"taxov:block_sailor":1,"biomesoplenty:high_grass_plant":4,"minecraft:tall_grass":8,"minecraft:deepslate_gold_ore":3,"minecraft:sculk":176,"minecraft:sweet_berry_bush":5,"minecraft:yellow_bed":3,"minecraft:coal_ore":125,"minecraft:cobweb":2,"minecraft:cracked_stone_bricks":7,"minecraft:stripped_acacia_wood":2,"minecraft:stone_bricks":3,"minecraft:mossy_stone_bricks":1,"minecraft:fern":3},"minecraft:killed":{"minecraft:cave_spider":4,"orcz:goblinshield":2,"minecraft:witch":1,"born_in_chaos_v1:restless_spirit":1,"born_in_chaos_v1:zombie_lumberjack":1,"born_in_chaos_v1:skeleton_demoman":1,"born_in_chaos_v1:door_knight_not_despawn":1,"minecraft:spider":12,"undead_revamp2:thesmoker":1,"born_in_chaos_v1:siamese_skeletonsright":1,"born_in_chaos_v1:scarlet_persecutor":3,"born_in_chaos_v1:baby_skeleton_minion":1,"minecraft:skeleton":21,"gamma_beasts:banndu_a":1,"minecraft:chicken":9,"minecraft:silverfish":2,"undead_revamp2:thepregnant":1,"born_in_chaos_v1:bonescaller":1,"minecraft:pig":11,"minecraft:zombie_villager":3,"minecraft:salmon":1,"minecraft:creeper":2,"minecraft:sheep":32,"minecraft:zombie":42,"born_in_chaos_v1:dread_hound":1,"born_in_chaos_v1:corpse_fly":1,"orcz:bigorcboss":1,"minecraft:stray":2,"born_in_chaos_v1:door_knight":1,"orcz:orcsavage_2sword":2,"orcz:snot":7,"orcz:orcshield":1,"born_in_chaos_v1:siamese_skeletonsleft":1,"minecraft:cow":27,"cardinal_sins:skeletonofgluttony":8,"undead_revamp2:thehunter":2,"born_in_chaos_v1:skeleton_thrasher_not_despawn":1,"born_in_chaos_v1:maggot":11,"minecraft:phantom":1,"minecraft:horse":4,"undead_revamp2:coppertar":1,"undead_revamp2:thebidy":1,"orcz:orcsavagemace":1,"minecraft:drowned":1,"born_in_chaos_v1:corpse_fish":1,"crittersandcompanions:otter":1,"undead_revamp2:sucker":3,"minecraft:husk":1,"born_in_chaos_v1:baby_skeleton":1,"undead_revamp2:the_moonflower":5,"minecraft:rabbit":1,"minecraft:hoglin":3,"born_in_chaos_v1:decrepit_skeleton":4,"undead_revamp2:thesomnolence":14,"born_in_chaos_v1:dark_vortex":1,"born_in_chaos_v1:nightmare_stalker":1,"minecraft:wither_skeleton":3,"orcz:goblin_2sword":1,"cardinal_sins:stonewarrior":1,"minecraft:villager":1,"born_in_chaos_v1:decaying_zombie_not_despawn":1,"gamma_beasts:muba_a":2},"minecraft:picked_up":{"minecraft:wheat":1,"minecraft:oak_stairs":1,"minecraft:potion":3,"minecraft:string":31,"biomesoplenty:tall_lavender":2,"minecraft:diamond_leggings":3,"minecraft:cobbled_deepslate":29,"minecraft:bucket":1,"minecraft:wooden_shovel":1,"minecraft:melon_slice":132,"minecraft:coal_block":12,"minecraft:furnace":1,"minecraft:iron_boots":1,"minecraft:mangrove_log":2,"minecraft:stick":7,"born_in_chaos_v1:shattered_skull":1,"minecraft:jungle_door":1,"minecraft:torch":20,"minecraft:porkchop":26,"minecraft:cherry_log":2,"born_in_chaos_v1:nightmare_claw":1,"cardinal_sins:stone_greatsword":1,"minecraft:golden_chestplate":1,"regions_unexplored:barley":2,"minecraft:orange_bed":2,"minecraft:rotten_flesh":86,"gamma_beasts:kiwi":2,"orcz:orcshroom":2,"gamma_beasts:coal_nugget":39,"minecraft:iron_bars":15,"undead_revamp2:arapholia":2,"minecraft:cobblestone":125,"biomesoplenty:lavender":2,"minecraft:leather_chestplate":1,"minecraft:feather":13,"orcz:orcteeth":22,"born_in_chaos_v1:spiritual_dust":2,"minecraft:andesite":3,"minecraft:golden_leggings":1,"minecraft:potato":1,"undead_revamp2:huntereye":1,"minecraft:dirt":885,"born_in_chaos_v1:monster_skin":4,"minecraft:bone":62,"minecraft:bow":1,"minecraft:wheat_seeds":15,"minecraft:raw_gold":3,"minecraft:mossy_stone_bricks":1,"minecraft:rabbit":1,"travelersbackpack:gold":10,"minecraft:oak_planks":1,"minecraft:stripped_acacia_wood":3,"orcz:orcagaric":2,"minecraft:jungle_planks":2,"minecraft:sand":64,"orcz:blue_orcshroom":2,"minecraft:fermented_spider_eye":1,"minecraft:mossy_cobblestone":2,"born_in_chaos_v1:fire_dust":1,"minecraft:diamond":5,"minecraft:angler_pottery_sherd":4,"minecraft:granite":7,"minecraft:bone_meal":1,"minecraft:bread":27,"orcz:ironscrap":1,"minecraft:oak_sapling":1,"minecraft:crafting_table":7,"minecraft:chicken":8,"minecraft:leather_leggings":1,"gravestone:obituary":9,"cwsr:wind_boom":1,"minecraft:moss_carpet":2,"minecraft:cracked_stone_bricks":7,"minecraft:beef":53,"deep_dark_regrowth:sculk_soil":3,"minecraft:spruce_slab":1,"minecraft:chest":3,"minecraft:quartz_stairs":8,"crittersandcompanions:clam":1,"minecraft:phantom_membrane":1,"minecraft:egg":5,"minecraft:raw_iron":9,"minecraft:sandstone":9,"orcz:orchorn":1,"born_in_chaos_v1:pieceofdarkmetal":4,"minecraft:carrot":5,"minecraft:dark_oak_planks":2,"regions_unexplored:purple_coneflower":4,"biomesoplenty:jacaranda_log":6,"minecraft:stone_shovel":5,"minecraft:arrow":20,"minecraft:jungle_stairs":3,"minecraft:diamond_boots":1,"minecraft:hay_block":20,"minecraft:sandstone_stairs":2,"minecraft:gold_ingot":1,"minecraft:mutton":49,"minecraft:skeleton_skull":1,"minecraft:white_wool":27,"deep_dark_regrowth:sculk_bone":6,"born_in_chaos_v1:fused_bone":2,"born_in_chaos_v1:corpse_maggot":6,"born_in_chaos_v1:monster_flesh":1,"minecraft:leather":39,"minecraft:oak_log":14,"minecraft:chainmail_chestplate":1,"minecraft:golden_boots":2,"minecraft:yellow_bed":5,"minecraft:gunpowder":5,"minecraft:cobblestone_stairs":1,"minecraft:stone_bricks":3,"minecraft:rabbit_hide":1,"minecraft:spruce_wood":5,"minecraft:iron_ingot":5,"minecraft:glass_bottle":2,"minecraft:iron_sword":1,"minecraft:dark_oak_stairs":3,"deep_dark_regrowth:plasma_chunk":21,"minecraft:sweet_berries":70,"born_in_chaos_v1:ethereal_spirit":6,"born_in_chaos_v1:dark_rod":4,"minecraft:spider_eye":6,"taxov:block_sailor":1,"minecraft:slime_ball":8,"minecraft:stripped_jungle_wood":3,"minecraft:iron_helmet":1,"minecraft:painting":1,"minecraft:baked_potato":1,"orcz:orceye":1,"minecraft:black_wool":6,"minecraft:coal":126}},"DataVersion":3465}