{"stats":{"minecraft:used":{"minecraft:cooked_mutton":7,"minecraft:stone_sword":92,"minecraft:polished_andesite":2,"minecraft:stone_pickaxe":26,"farmersdelight:golden_knife":18,"minecraft:chest":1,"minecraft:spruce_planks":24,"minecraft:wooden_pickaxe":24,"minecraft:cooked_chicken":6,"minecraft:oak_door":2,"minecraft:dirt":14,"minecraft:light_gray_banner":2,"minecraft:crafting_table":2,"minecraft:golden_shovel":31,"minecraft:glass":7,"minecraft:wooden_axe":35,"minecraft:iron_helmet":1,"minecraft:stone_axe":47,"minecraft:purple_bed":3,"minecraft:sweet_berries":3,"minecraft:furnace":5,"minecraft:cooked_porkchop":1,"minecraft:egg":2},"minecraft:broken":{"minecraft:golden_shovel":1},"minecraft:dropped":{"minecraft:moss_carpet":2,"minecraft:brown_mushroom":1,"minecraft:wheat_seeds":6,"minecraft:rotten_flesh":2,"dynamictrees:spruce_seed":1,"projectvibrantjourneys:orange_bark_mushroom":2,"minecraft:dirt":1,"projectvibrantjourneys:light_brown_bark_mushroom":1,"farmersdelight:golden_knife":1,"minecraft:wooden_axe":1,"gravestone:obituary":5,"minecraft:gold_nugget":1,"minecraft:arrow":2,"immersive_weathering:permafrost":3,"minecraft:string":1,"projectvibrantjourneys:bark_mushroom":1,"minecraft:egg":1},"minecraft:picked_up":{"spore:mutated_heart":1,"minecraft:crafting_table":2,"minecraft:feather":12,"minecraft:cooked_beef":9,"minecraft:chicken":10,"minecraft:leather":8,"minecraft:brown_mushroom":1,"dynamictrees:spruce_seed":2,"minecraft:oak_log":13,"gravestone:obituary":1,"minecraft:dirt":15,"projectvibrantjourneys:spruce_hollow_log":4,"minecraft:string":1,"minecraft:moss_carpet":2,"minecraft:bone":7,"minecraft:wheat_seeds":6,"minecraft:gold_nugget":1,"minecraft:spruce_planks":75,"minecraft:beef":14,"spore:mutated_fiber":2,"immersive_weathering:tallow":5,"minecraft:egg":3,"minecraft:furnace":4,"projectvibrantjourneys:light_brown_bark_mushroom":1,"minecraft:stick":27,"minecraft:sweet_berries":3,"projectvibrantjourneys:bark_mushroom":1,"minecraft:sand":45,"minecraft:porkchop":6,"pointblank:gunmetal_nugget":9,"minecraft:spruce_log":15,"immersive_weathering:permafrost":3,"minecraft:light_gray_banner":2,"minecraft:polished_andesite":2,"minecraft:arrow":2,"minecraft:purple_bed":3,"minecraft:rotten_flesh":2,"minecraft:iron_helmet":1,"projectvibrantjourneys:orange_bark_mushroom":2,"minecraft:mutton":7,"minecraft:white_wool":5,"minecraft:cobblestone":32},"minecraft:mined":{"minecraft:podzol":1,"minecraft:spruce_planks":41,"immersive_weathering:grassy_permafrost":2,"minecraft:crafting_table":2,"gravestone:gravestone":4,"projectvibrantjourneys:twigs":1,"minecraft:light_gray_wall_banner":2,"minecraft:grass_block":13,"minecraft:purple_bed":3,"projectvibrantjourneys:light_brown_bark_mushroom":1,"immersive_weathering:permafrost":6,"minecraft:furnace":4,"minecraft:sweet_berry_bush":1,"minecraft:spruce_log":1,"dynamictrees:spruce_leaves":1,"minecraft:grass":5,"projectvibrantjourneys:spruce_hollow_log":5,"projectvibrantjourneys:short_grass":39,"projectvibrantjourneys:pinecones":1,"minecraft:sand":45,"minecraft:dirt":1,"minecraft:stone":32,"minecraft:polished_andesite":2,"spore:remains":1,"minecraft:fern":4},"minecraft:custom":{"minecraft:interact_with_furnace":19,"minecraft:mob_kills":28,"minecraft:interact_with_crafting_table":15,"minecraft:time_since_death":19209,"minecraft:sleep_in_bed":2,"minecraft:time_since_rest":9629,"minecraft:sprint_one_cm":149878,"minecraft:damage_taken":1737,"minecraft:walk_one_cm":131994,"minecraft:drop":29,"minecraft:damage_dealt":3211,"minecraft:swim_one_cm":6228,"minecraft:fly_one_cm":195300,"minecraft:open_chest":6,"minecraft:play_time":40690,"minecraft:crouch_one_cm":5252,"minecraft:deaths":4,"minecraft:sneak_time":1580,"minecraft:walk_under_water_one_cm":964,"minecraft:jump":805,"minecraft:walk_on_water_one_cm":690,"minecraft:total_world_time":40690,"minecraft:fall_one_cm":23327},"minecraft:crafted":{"minecraft:oak_door":3,"minecraft:oak_planks":52,"minecraft:cooked_porkchop":5,"minecraft:crafting_table":1,"minecraft:spruce_planks":68,"minecraft:wooden_pickaxe":1,"minecraft:cooked_chicken":6,"minecraft:furnace":1,"minecraft:stone_axe":1,"minecraft:cooked_mutton":7,"minecraft:air":0,"minecraft:glass":7,"minecraft:stick":4,"minecraft:stone_pickaxe":1,"minecraft:wooden_axe":1,"minecraft:chest":1,"minecraft:stone_sword":1},"minecraft:killed":{"minecraft:pig":4,"minecraft:spider":1,"minecraft:sheep":5,"minecraft:zombie":2,"spore:inf_human":1,"minecraft:chicken":8,"minecraft:cow":6}},"DataVersion":3465}