{"stats":{"minecraft:used":{"minecraft:stone_sword":101,"minecraft:stone_shovel":18,"minecraft:chest":1,"minecraft:spruce_planks":82,"vanillaplustools:stone_hammer":165,"minecraft:cooked_chicken":6,"minecraft:oak_door":3,"minecraft:torch":36,"minecraft:dirt":14,"minecraft:golden_shovel":31,"minecraft:glass":30,"minecraft:wooden_axe":35,"minecraft:iron_helmet":1,"minecraft:sweet_berries":3,"minecraft:furnace":5,"minecraft:egg":2,"minecraft:cobbled_deepslate":68,"minecraft:cooked_mutton":9,"minecraft:polished_andesite":2,"minecraft:stone_pickaxe":134,"farmersdelight:golden_knife":18,"minecraft:wooden_pickaxe":24,"minecraft:light_gray_banner":2,"minecraft:crafting_table":3,"minecraft:iron_pickaxe":74,"minecraft:gravel":4,"minecraft:stone_axe":64,"minecraft:cobblestone":23,"minecraft:purple_bed":3,"minecraft:cooked_porkchop":5,"minecraft:andesite":9},"minecraft:broken":{"minecraft:golden_shovel":1,"vanillaplustools:stone_hammer":1},"minecraft:dropped":{"minecraft:brown_mushroom":1,"minecraft:wheat_seeds":13,"minecraft:cobblestone":56,"minecraft:granite":13,"dynamictrees:spruce_seed":1,"projectvibrantjourneys:orange_bark_mushroom":2,"minecraft:flint":6,"minecraft:dirt":3,"farmersdelight:golden_knife":1,"minecraft:diorite":30,"minecraft:wooden_axe":1,"gravestone:obituary":10,"minecraft:gold_nugget":4,"immersive_weathering:permafrost":27,"minecraft:string":1,"projectvibrantjourneys:bark_mushroom":1,"minecraft:gravel":13,"minecraft:moss_carpet":2,"minecraft:iron_nugget":5,"minecraft:cobbled_deepslate":749,"minecraft:tuff":1,"minecraft:rotten_flesh":2,"spore:mutated_fiber":1,"projectvibrantjourneys:light_brown_bark_mushroom":1,"minecraft:stone_pickaxe":1,"minecraft:arrow":2,"minecraft:egg":1},"minecraft:mined":{"create:deepslate_zinc_ore":24,"minecraft:tuff":62,"minecraft:spruce_planks":55,"minecraft:deepslate_diamond_ore":6,"immersive_weathering:grassy_permafrost":30,"gravestone:gravestone":6,"minecraft:granite":14,"minecraft:grass_block":15,"minecraft:furnace":4,"minecraft:iron_ore":4,"minecraft:andesite":34,"minecraft:deepslate_lapis_ore":9,"dynamictrees:spruce_leaves":1,"minecraft:deepslate_iron_ore":3,"minecraft:stone":187,"minecraft:podzol":1,"minecraft:deepslate_redstone_ore":8,"minecraft:crafting_table":3,"minecraft:torch":1,"projectvibrantjourneys:twigs":1,"minecraft:light_gray_wall_banner":2,"minecraft:glass":3,"minecraft:copper_ore":1,"minecraft:cobblestone":3,"minecraft:deepslate_gold_ore":13,"minecraft:diorite":16,"immersive_weathering:permafrost":6,"projectvibrantjourneys:light_brown_bark_mushroom":1,"minecraft:purple_bed":3,"minecraft:sweet_berry_bush":1,"minecraft:spruce_log":1,"minecraft:grass":5,"projectvibrantjourneys:spruce_hollow_log":5,"minecraft:coal_ore":85,"projectvibrantjourneys:short_grass":42,"minecraft:gravel":21,"projectvibrantjourneys:pinecones":1,"minecraft:sand":45,"minecraft:dirt":1,"minecraft:polished_andesite":2,"minecraft:deepslate":1031,"spore:remains":1,"minecraft:fern":4},"minecraft:picked_up":{"spore:mutated_heart":1,"minecraft:crafting_table":3,"minecraft:chicken":10,"dynamictrees:spruce_seed":2,"minecraft:brown_mushroom":1,"gravestone:obituary":4,"minecraft:string":1,"minecraft:raw_copper":2,"minecraft:moss_carpet":2,"minecraft:gold_nugget":4,"minecraft:cobbled_deepslate":991,"minecraft:spruce_planks":91,"minecraft:beef":14,"minecraft:iron_nugget":5,"minecraft:egg":3,"minecraft:furnace":4,"minecraft:stick":33,"minecraft:raw_iron":7,"projectvibrantjourneys:bark_mushroom":1,"minecraft:torch":3,"minecraft:porkchop":6,"pointblank:gunmetal_nugget":11,"minecraft:diorite":30,"minecraft:redstone":36,"immersive_weathering:permafrost":27,"minecraft:light_gray_banner":2,"minecraft:arrow":2,"minecraft:rotten_flesh":2,"minecraft:mutton":7,"minecraft:white_wool":5,"minecraft:cobblestone":243,"minecraft:feather":12,"minecraft:cooked_beef":9,"minecraft:andesite":34,"minecraft:leather":8,"minecraft:flint":8,"minecraft:tuff":62,"create:raw_zinc":24,"minecraft:oak_log":13,"minecraft:lapis_lazuli":55,"projectvibrantjourneys:spruce_hollow_log":4,"minecraft:dirt":17,"minecraft:bone":14,"minecraft:wheat_seeds":13,"minecraft:raw_gold":13,"minecraft:stone_pickaxe":1,"spore:mutated_fiber":3,"immersive_weathering:tallow":5,"projectvibrantjourneys:light_brown_bark_mushroom":1,"minecraft:sweet_berries":3,"minecraft:gravel":17,"minecraft:sand":45,"minecraft:spruce_log":25,"minecraft:polished_andesite":2,"minecraft:purple_bed":3,"minecraft:diamond":6,"minecraft:iron_helmet":1,"minecraft:granite":13,"projectvibrantjourneys:orange_bark_mushroom":2,"minecraft:coal":85},"minecraft:custom":{"minecraft:mob_kills":29,"minecraft:interact_with_crafting_table":22,"minecraft:leave_game":2,"minecraft:time_since_death":27719,"minecraft:sprint_one_cm":192606,"minecraft:walk_one_cm":305256,"minecraft:drop":79,"minecraft:play_time":79789,"minecraft:deaths":6,"minecraft:sneak_time":4841,"minecraft:walk_under_water_one_cm":964,"minecraft:jump":1245,"minecraft:walk_on_water_one_cm":690,"minecraft:total_world_time":79789,"minecraft:interact_with_furnace":32,"minecraft:sleep_in_bed":2,"minecraft:time_since_rest":27758,"minecraft:damage_taken":2736,"minecraft:damage_dealt":3468,"minecraft:swim_one_cm":6228,"minecraft:fly_one_cm":244413,"minecraft:open_chest":18,"minecraft:crouch_one_cm":22121,"minecraft:fall_one_cm":33386},"minecraft:crafted":{"minecraft:oak_door":3,"minecraft:oak_planks":52,"minecraft:stone_shovel":1,"vanillaplustools:stone_hammer":2,"minecraft:cooked_chicken":6,"minecraft:furnace":1,"minecraft:cooked_mutton":10,"minecraft:glass":45,"minecraft:stone_pickaxe":19,"minecraft:chest":1,"minecraft:cooked_beef":3,"minecraft:cooked_porkchop":5,"minecraft:crafting_table":1,"minecraft:spruce_planks":108,"minecraft:wooden_pickaxe":1,"minecraft:stone_axe":1,"minecraft:air":0,"minecraft:stick":40,"minecraft:iron_ingot":15,"minecraft:iron_pickaxe":1,"minecraft:wooden_axe":1,"minecraft:stone_sword":1,"minecraft:torch":84},"minecraft:killed":{"minecraft:spider":1,"minecraft:chicken":8,"minecraft:pig":4,"minecraft:sheep":5,"minecraft:zombie":3,"spore:inf_human":1,"minecraft:cow":6}},"DataVersion":3465}