{"stats":{"minecraft:used":{"minecraft:wooden_axe":11,"minecraft:crafting_table":1,"minecraft:wooden_pickaxe":2},"minecraft:dropped":{"projectvibrantjourneys:light_brown_bark_mushroom":1,"minecraft:moss_carpet":2,"minecraft:brown_mushroom":1,"dynamictrees:spruce_seed":1,"projectvibrantjourneys:orange_bark_mushroom":2,"projectvibrantjourneys:bark_mushroom":1},"minecraft:mined":{"projectvibrantjourneys:light_brown_bark_mushroom":1,"projectvibrantjourneys:spruce_hollow_log":5,"projectvibrantjourneys:short_grass":5,"immersive_weathering:grassy_permafrost":1,"minecraft:spruce_log":1,"immersive_weathering:permafrost":1},"minecraft:picked_up":{"minecraft:bone":3,"projectvibrantjourneys:light_brown_bark_mushroom":1,"minecraft:stick":2,"minecraft:sweet_berries":3,"projectvibrantjourneys:bark_mushroom":1,"minecraft:brown_mushroom":1,"dynamictrees:spruce_seed":1,"projectvibrantjourneys:orange_bark_mushroom":2,"minecraft:spruce_log":7,"projectvibrantjourneys:spruce_hollow_log":4,"minecraft:moss_carpet":2},"minecraft:custom":{"minecraft:damage_taken":75,"minecraft:time_since_rest":4690,"minecraft:play_time":4690,"minecraft:crouch_one_cm":1194,"minecraft:sprint_one_cm":4106,"minecraft:walk_one_cm":7550,"minecraft:sneak_time":279,"minecraft:drop":8,"minecraft:jump":36,"minecraft:damage_dealt":50,"minecraft:time_since_death":4690,"minecraft:total_world_time":4690,"minecraft:fall_one_cm":894,"minecraft:interact_with_crafting_table":4,"minecraft:fly_one_cm":3140},"minecraft:crafted":{"minecraft:crafting_table":1,"minecraft:stick":4,"minecraft:spruce_planks":36,"minecraft:wooden_pickaxe":1,"minecraft:wooden_axe":1}},"DataVersion":3465}