{"stats":{"minecraft:picked_up":{"minecraft:jungle_boat":1,"minecraft:jungle_log":1,"knighys_additions:nerium":1,"tombstone:grave_key":1,"minecraft:melon_slice":6},"minecraft:dropped":{"tombstone:grave_key":1},"minecraft:used":{"minecraft:jungle_boat":1,"minecraft:melon_slice":6,"knighys_additions:nerium":1,"alexsmobs:animal_dictionary":2},"minecraft:mined":{"minecraft:grass":1,"knighys_additions:nerium":1,"minecraft:melon":1,"minecraft:vine":1,"minecraft:jungle_log":1,"world:leavesoak":1,"minecraft:oak_leaves":1},"minecraft:custom":{"minecraft:time_since_rest":1,"minecraft:crouch_one_cm":458,"minecraft:play_time":11859,"minecraft:sprint_one_cm":8386,"minecraft:deaths":1,"minecraft:damage_taken":450,"minecraft:walk_one_cm":28108,"minecraft:sneak_time":211,"minecraft:walk_under_water_one_cm":6978,"minecraft:drop":1,"minecraft:boat_one_cm":36180,"minecraft:jump":153,"minecraft:damage_dealt":105,"minecraft:time_since_death":1004,"minecraft:walk_on_water_one_cm":1480,"minecraft:total_world_time":11859,"minecraft:climb_one_cm":3682,"minecraft:swim_one_cm":12282,"minecraft:interact_with_crafting_table":1,"minecraft:fall_one_cm":4645,"minecraft:fly_one_cm":7117},"minecraft:crafted":{"minecraft:jungle_planks":4}},"DataVersion":3465}