{"stats":{"minecraft:killed_by":{"minecraft:zombie":1},"minecraft:killed":{"undead_revamp2:thehunter":1,"minecraft:witch":1,"minecraft:spider":5,"undead_revamp2:thesmoker":1,"born_in_chaos_v1:skeleton_thrasher_not_despawn":1,"born_in_chaos_v1:maggot":6,"minecraft:skeleton":5,"minecraft:silverfish":2,"minecraft:pig":3,"minecraft:zombie_villager":3,"undead_revamp2:the_moonflower":4,"minecraft:rabbit":1,"minecraft:sheep":8,"minecraft:zombie":18,"minecraft:stray":1,"minecraft:villager":1,"minecraft:cow":8},"minecraft:custom":{"minecraft:mob_kills":70,"minecraft:interact_with_crafting_table":15,"minecraft:open_barrel":8,"minecraft:bell_ring":1,"minecraft:damage_dealt_resisted":201,"minecraft:leave_game":3,"minecraft:time_since_death":16324,"minecraft:climb_one_cm":7309,"minecraft:sprint_one_cm":265142,"minecraft:walk_one_cm":406509,"minecraft:drop":49,"minecraft:talked_to_villager":2,"minecraft:play_time":118951,"minecraft:deaths":12,"minecraft:sneak_time":832,"minecraft:walk_under_water_one_cm":10183,"minecraft:boat_one_cm":131175,"minecraft:jump":1343,"minecraft:walk_on_water_one_cm":4341,"minecraft:total_world_time":118951,"minecraft:interact_with_furnace":17,"minecraft:sleep_in_bed":4,"minecraft:time_since_rest":3276,"minecraft:damage_taken":8027,"minecraft:damage_dealt":11247,"minecraft:swim_one_cm":20171,"minecraft:fly_one_cm":197973,"minecraft:open_chest":102,"minecraft:crouch_one_cm":2312,"minecraft:fall_one_cm":46254},"minecraft:used":{"minecraft:iron_bars":2,"minecraft:chest":3,"minecraft:orange_bed":1,"minecraft:torch":23,"minecraft:dirt":20,"minecraft:carrot":4,"minecraft:dark_oak_planks":2,"travelersbackpack:gold":12,"minecraft:oak_stairs":1,"minecraft:golden_carrot":4,"minecraft:cooked_cod":3,"minecraft:furnace":1,"minecraft:cooked_beef":7,"minecraft:potato":6,"minecraft:cooked_mutton":8,"minecraft:dark_oak_stairs":2,"taxov:block_sailor":1,"minecraft:stone_pickaxe":71,"minecraft:baked_potato":3,"minecraft:leather_chestplate":1,"minecraft:salmon":4,"minecraft:golden_apple":1,"minecraft:crafting_table":1,"minecraft:cod":10,"minecraft:painting":1,"biomesoplenty:jacaranda_planks":1,"minecraft:oak_log":3,"minecraft:bread":39,"biomesoplenty:jacaranda_boat":1,"minecraft:stone_axe":259,"minecraft:cobblestone":25,"travelersbackpack:standard":1,"minecraft:yellow_bed":1},"minecraft:crafted":{"minecraft:oak_planks":40,"minecraft:cooked_mutton":11,"minecraft:glass":26,"travelersbackpack:white_sleeping_bag":1,"travelersbackpack:gold":1,"minecraft:stone_pickaxe":1,"minecraft:chest":2,"biomesoplenty:jacaranda_planks":24,"biomesoplenty:jacaranda_boat":1,"minecraft:spruce_planks":20,"travelersbackpack:backpack_tank":4,"travelersbackpack:standard":2,"travelersbackpack:black_sleeping_bag":1,"minecraft:stone_axe":2,"minecraft:air":0,"minecraft:stick":60,"minecraft:iron_pickaxe":1},"minecraft:picked_up":{"minecraft:crafting_table":2,"minecraft:leather_leggings":1,"minecraft:oak_stairs":1,"minecraft:potion":3,"gravestone:obituary":3,"minecraft:string":10,"minecraft:moss_carpet":2,"biomesoplenty:tall_lavender":2,"minecraft:beef":16,"minecraft:spruce_slab":1,"minecraft:chest":3,"minecraft:furnace":1,"minecraft:mangrove_log":2,"minecraft:phantom_membrane":1,"minecraft:iron_boots":1,"minecraft:stick":1,"born_in_chaos_v1:shattered_skull":1,"minecraft:torch":9,"minecraft:porkchop":7,"born_in_chaos_v1:pieceofdarkmetal":4,"minecraft:carrot":5,"minecraft:dark_oak_planks":2,"minecraft:orange_bed":1,"biomesoplenty:jacaranda_log":6,"minecraft:rotten_flesh":33,"minecraft:arrow":7,"minecraft:jungle_stairs":3,"minecraft:diamond_boots":1,"minecraft:hay_block":20,"minecraft:gold_ingot":1,"undead_revamp2:arapholia":2,"minecraft:mutton":12,"minecraft:white_wool":5,"minecraft:iron_bars":5,"minecraft:skeleton_skull":1,"minecraft:cobblestone":45,"biomesoplenty:lavender":1,"born_in_chaos_v1:corpse_maggot":3,"minecraft:leather_chestplate":1,"minecraft:andesite":2,"minecraft:leather":9,"minecraft:golden_leggings":1,"minecraft:potato":1,"minecraft:oak_log":9,"minecraft:chainmail_chestplate":1,"undead_revamp2:huntereye":1,"minecraft:golden_boots":2,"minecraft:yellow_bed":4,"minecraft:cobblestone_stairs":1,"minecraft:dirt":21,"minecraft:bone":13,"minecraft:wheat_seeds":7,"minecraft:rabbit_hide":1,"minecraft:spruce_wood":5,"minecraft:iron_ingot":1,"minecraft:rabbit":1,"minecraft:glass_bottle":2,"travelersbackpack:gold":2,"minecraft:iron_sword":1,"minecraft:dark_oak_stairs":3,"minecraft:jungle_planks":2,"minecraft:sand":64,"minecraft:fermented_spider_eye":1,"minecraft:spider_eye":2,"taxov:block_sailor":1,"minecraft:angler_pottery_sherd":4,"minecraft:iron_helmet":1,"minecraft:painting":1,"minecraft:bread":27,"minecraft:black_wool":3,"minecraft:coal":2},"minecraft:broken":{"minecraft:leather_leggings":1,"minecraft:leather_chestplate":1,"minecraft:stone_axe":2},"minecraft:dropped":{"minecraft:golden_boots":2,"minecraft:dark_oak_stairs":1,"minecraft:wheat_seeds":6,"minecraft:glass_bottle":2,"biomesoplenty:lavender":1,"minecraft:iron_helmet":1,"travelersbackpack:standard":1,"minecraft:cobblestone_stairs":1,"minecraft:stick":1,"gravestone:obituary":11,"minecraft:phantom_membrane":1,"minecraft:angler_pottery_sherd":1,"minecraft:fermented_spider_eye":1,"minecraft:bone":1,"minecraft:rotten_flesh":25,"minecraft:jungle_stairs":2,"minecraft:andesite":2,"minecraft:yellow_bed":2,"minecraft:golden_leggings":1,"minecraft:iron_bars":1,"biomesoplenty:tall_lavender":2},"minecraft:mined":{"minecraft:dark_oak_planks":2,"minecraft:cobblestone_stairs":1,"gravestone:gravestone":12,"minecraft:glow_lichen":1,"biomesoplenty:bush":2,"minecraft:grass_block":5,"minecraft:decorated_pot":1,"minecraft:jungle_planks":2,"biomesoplenty:flowering_oak_leaves":1,"minecraft:spawner":13,"minecraft:large_fern":1,"minecraft:hay_block":20,"biomesoplenty:jacaranda_log":6,"biomesoplenty:tall_lavender":2,"minecraft:furnace":1,"minecraft:carrots":1,"biomesoplenty:lavender":3,"minecraft:andesite":2,"minecraft:moss_carpet":1,"minecraft:dark_oak_stairs":3,"minecraft:oak_stairs":1,"biomesoplenty:high_grass":2,"minecraft:vine":14,"minecraft:dirt_path":2,"minecraft:iron_bars":5,"regions_unexplored:medium_grass":5,"minecraft:stone":36,"minecraft:spruce_slab":1,"minecraft:orange_bed":1,"biomesoplenty:jacaranda_leaves":3,"minecraft:crafting_table":2,"taxov:block_sailor":1,"minecraft:jungle_stairs":4,"minecraft:chest":3,"biomesoplenty:high_grass_plant":4,"minecraft:tall_grass":2,"minecraft:cobblestone":1,"minecraft:wall_torch":2,"minecraft:skeleton_skull":1,"minecraft:yellow_bed":2,"minecraft:grass":26,"minecraft:coal_ore":2,"minecraft:oak_log":5,"minecraft:sand":64,"minecraft:dirt":6,"travelersbackpack:gold":2,"minecraft:oak_leaves":1}},"DataVersion":3465}