{"stats":{"minecraft:picked_up":{"minecraft:wooden_axe":1,"minecraft:cocoa_beans":4,"minecraft:crafting_table":2,"minecraft:coarse_dirt":1,"minecraft:jungle_boat":1,"knighys_additions:nerium":1,"minecraft:jungle_log":1,"minecraft:wooden_pickaxe":1,"tombstone:grave_key":1,"minecraft:string":1,"minecraft:wheat_seeds":6,"minecraft:melon_slice":143,"alexsmobs:leafcutter_ant_chamber":1,"minecraft:dark_oak_log":21,"alexsmobs:leafcutter_ant_pupa":1,"minecraft:rotten_flesh":6,"biomesoplenty:mahogany_log":18,"mokels_adventure:bloody_tear":1,"minecraft:coal":29,"minecraft:cobblestone":26},"minecraft:dropped":{"minecraft:coarse_dirt":1,"minecraft:cocoa_beans":4,"minecraft:rotten_flesh":3,"alexsmobs:leafcutter_ant_chamber":1,"tombstone:grave_key":2,"minecraft:wooden_axe":1,"tombstone:grave_dust":1,"minecraft:wooden_pickaxe":2},"minecraft:used":{"minecraft:stone_sword":91,"minecraft:stone_pickaxe":53,"knighys_additions:nerium":1,"minecraft:wooden_pickaxe":3,"minecraft:rotten_flesh":1,"minecraft:jungle_boat":1,"minecraft:crafting_table":3,"minecraft:wooden_axe":15,"minecraft:melon_slice":28,"minecraft:stone_axe":72,"minecraft:dark_oak_boat":1,"tombstone:gift":2,"alexsmobs:animal_dictionary":2},"minecraft:killed":{"mokels_adventure:vyde":1,"minecraft:spider":1,"minecraft:zombie":1,"alexsmobs:leafcutter_ant":3,"undead_revamp2:sucker":1},"minecraft:mined":{"knighys_additions:nerium":1,"minecraft:dark_oak_leaves":1,"alexsmobs:leafcutter_anthill":1,"minecraft:dark_oak_log":21,"minecraft:crafting_table":2,"minecraft:melon":29,"minecraft:jungle_log":1,"alexsmobs:leafcutter_ant_chamber":1,"minecraft:large_fern":1,"minecraft:coarse_dirt":1,"biomesoplenty:mahogany_log":19,"minecraft:grass":9,"minecraft:coal_ore":29,"minecraft:vine":1,"minecraft:cocoa":2,"minecraft:stone":26,"world:leavesoak":1,"minecraft:oak_leaves":4,"minecraft:fern":55},"minecraft:custom":{"minecraft:mob_kills":7,"minecraft:interact_with_crafting_table":8,"minecraft:time_since_death":4528,"minecraft:climb_one_cm":6254,"minecraft:time_since_rest":2129,"minecraft:sprint_one_cm":69917,"minecraft:damage_taken":1445,"minecraft:walk_one_cm":132130,"minecraft:drop":15,"minecraft:damage_dealt":1999,"minecraft:swim_one_cm":12282,"minecraft:fly_one_cm":75696,"minecraft:crouch_one_cm":3208,"minecraft:play_time":35859,"tombstone:undead_killed":2,"minecraft:deaths":3,"minecraft:sneak_time":971,"minecraft:walk_under_water_one_cm":7808,"minecraft:boat_one_cm":58905,"minecraft:jump":662,"minecraft:walk_on_water_one_cm":1787,"minecraft:total_world_time":35859,"minecraft:fall_one_cm":17103},"minecraft:crafted":{"minecraft:crafting_table":1,"minecraft:dark_oak_boat":1,"minecraft:wooden_pickaxe":1,"minecraft:stone_axe":1,"minecraft:jungle_planks":4,"minecraft:stick":16,"minecraft:stone_pickaxe":1,"minecraft:stone_sword":1,"minecraft:dark_oak_planks":84}},"DataVersion":3465}