{"stats":{"minecraft:killed_by":{"minecraft:zombie":1},"minecraft:killed":{"undead_revamp2:thehunter":1,"minecraft:witch":1,"minecraft:spider":5,"undead_revamp2:thesmoker":1,"born_in_chaos_v1:skeleton_thrasher_not_despawn":1,"born_in_chaos_v1:maggot":6,"minecraft:skeleton":5,"minecraft:silverfish":2,"minecraft:pig":4,"minecraft:zombie_villager":3,"undead_revamp2:the_moonflower":4,"minecraft:rabbit":1,"minecraft:sheep":8,"minecraft:zombie":20,"minecraft:stray":1,"minecraft:villager":1,"minecraft:cow":9},"minecraft:custom":{"minecraft:mob_kills":74,"minecraft:interact_with_crafting_table":16,"minecraft:open_barrel":17,"minecraft:bell_ring":1,"minecraft:damage_dealt_resisted":201,"minecraft:leave_game":3,"minecraft:time_since_death":7661,"minecraft:climb_one_cm":13343,"minecraft:sprint_one_cm":316350,"minecraft:walk_one_cm":477275,"minecraft:drop":58,"minecraft:talked_to_villager":2,"minecraft:play_time":142951,"minecraft:deaths":13,"minecraft:sneak_time":1901,"minecraft:walk_under_water_one_cm":12297,"minecraft:boat_one_cm":131175,"minecraft:jump":1801,"minecraft:walk_on_water_one_cm":13209,"minecraft:total_world_time":142951,"minecraft:interact_with_furnace":17,"minecraft:sleep_in_bed":5,"minecraft:time_since_rest":5234,"minecraft:damage_taken":9447,"minecraft:damage_dealt":12011,"minecraft:swim_one_cm":26263,"minecraft:fly_one_cm":270437,"minecraft:open_chest":114,"minecraft:crouch_one_cm":5797,"minecraft:fall_one_cm":58026},"minecraft:used":{"minecraft:iron_bars":2,"minecraft:chest":3,"minecraft:orange_bed":1,"minecraft:torch":23,"minecraft:dirt":21,"minecraft:carrot":23,"minecraft:dark_oak_planks":2,"travelersbackpack:gold":13,"minecraft:oak_stairs":1,"minecraft:golden_carrot":7,"minecraft:cooked_cod":3,"minecraft:furnace":1,"minecraft:cooked_beef":7,"minecraft:potato":6,"minecraft:cooked_mutton":11,"minecraft:dark_oak_stairs":2,"taxov:block_sailor":1,"minecraft:stone_pickaxe":173,"minecraft:baked_potato":4,"minecraft:oak_planks":3,"minecraft:leather_chestplate":1,"minecraft:salmon":4,"minecraft:golden_apple":1,"minecraft:mossy_cobblestone":2,"minecraft:crafting_table":2,"minecraft:cod":10,"minecraft:painting":1,"biomesoplenty:jacaranda_planks":1,"minecraft:oak_log":3,"minecraft:bread":39,"biomesoplenty:jacaranda_boat":1,"minecraft:stone_axe":276,"minecraft:cobblestone":32,"travelersbackpack:standard":1,"minecraft:yellow_bed":1},"minecraft:crafted":{"minecraft:oak_planks":40,"minecraft:cooked_mutton":11,"minecraft:glass":26,"travelersbackpack:white_sleeping_bag":1,"travelersbackpack:gold":1,"minecraft:stone_pickaxe":2,"minecraft:chest":2,"biomesoplenty:jacaranda_planks":24,"biomesoplenty:jacaranda_boat":1,"minecraft:crafting_table":1,"minecraft:spruce_planks":20,"travelersbackpack:backpack_tank":4,"travelersbackpack:standard":2,"travelersbackpack:black_sleeping_bag":1,"minecraft:stone_axe":2,"minecraft:air":0,"minecraft:stick":60,"minecraft:iron_pickaxe":1},"minecraft:picked_up":{"minecraft:crafting_table":3,"minecraft:wheat":1,"minecraft:leather_leggings":1,"minecraft:oak_stairs":1,"minecraft:potion":3,"gravestone:obituary":3,"minecraft:string":10,"minecraft:moss_carpet":2,"biomesoplenty:tall_lavender":2,"minecraft:beef":19,"minecraft:spruce_slab":1,"minecraft:quartz_stairs":8,"minecraft:chest":3,"minecraft:furnace":1,"minecraft:mangrove_log":2,"minecraft:phantom_membrane":1,"minecraft:iron_boots":1,"minecraft:sandstone":6,"minecraft:raw_iron":7,"minecraft:stick":1,"born_in_chaos_v1:shattered_skull":1,"minecraft:jungle_door":1,"minecraft:torch":9,"minecraft:porkchop":9,"born_in_chaos_v1:pieceofdarkmetal":4,"minecraft:carrot":5,"minecraft:dark_oak_planks":2,"minecraft:orange_bed":1,"biomesoplenty:jacaranda_log":6,"minecraft:rotten_flesh":35,"minecraft:arrow":7,"minecraft:jungle_stairs":3,"minecraft:diamond_boots":1,"minecraft:hay_block":20,"minecraft:sandstone_stairs":2,"gamma_beasts:coal_nugget":14,"minecraft:gold_ingot":1,"undead_revamp2:arapholia":2,"minecraft:mutton":12,"minecraft:white_wool":5,"minecraft:iron_bars":5,"minecraft:skeleton_skull":1,"minecraft:cobblestone":72,"biomesoplenty:lavender":1,"born_in_chaos_v1:corpse_maggot":3,"minecraft:leather_chestplate":1,"minecraft:andesite":2,"minecraft:leather":9,"minecraft:golden_leggings":1,"minecraft:potato":1,"minecraft:oak_log":9,"minecraft:chainmail_chestplate":1,"undead_revamp2:huntereye":1,"minecraft:golden_boots":2,"minecraft:yellow_bed":4,"minecraft:cobblestone_stairs":1,"minecraft:dirt":24,"minecraft:bone":13,"minecraft:wheat_seeds":8,"minecraft:rabbit_hide":1,"minecraft:spruce_wood":5,"minecraft:iron_ingot":1,"minecraft:rabbit":1,"minecraft:glass_bottle":2,"travelersbackpack:gold":3,"minecraft:oak_planks":1,"minecraft:iron_sword":1,"minecraft:dark_oak_stairs":3,"minecraft:jungle_planks":2,"minecraft:sand":64,"minecraft:fermented_spider_eye":1,"minecraft:spider_eye":2,"minecraft:mossy_cobblestone":2,"taxov:block_sailor":1,"born_in_chaos_v1:fire_dust":1,"minecraft:angler_pottery_sherd":4,"minecraft:iron_helmet":1,"minecraft:painting":1,"minecraft:bread":27,"minecraft:baked_potato":1,"minecraft:black_wool":3,"minecraft:coal":48},"minecraft:broken":{"minecraft:leather_leggings":2,"minecraft:leather_chestplate":1,"minecraft:stone_pickaxe":1,"minecraft:stone_axe":2},"minecraft:dropped":{"minecraft:golden_boots":2,"minecraft:dark_oak_stairs":1,"minecraft:wheat_seeds":7,"minecraft:glass_bottle":2,"minecraft:sandstone_stairs":1,"biomesoplenty:lavender":1,"minecraft:iron_helmet":1,"travelersbackpack:standard":1,"minecraft:cobblestone_stairs":1,"minecraft:stick":1,"minecraft:dirt":3,"minecraft:jungle_door":1,"gravestone:obituary":12,"minecraft:phantom_membrane":1,"minecraft:angler_pottery_sherd":1,"minecraft:chainmail_leggings":1,"minecraft:fermented_spider_eye":1,"minecraft:bone":1,"minecraft:rotten_flesh":27,"minecraft:jungle_stairs":2,"minecraft:andesite":2,"minecraft:yellow_bed":2,"minecraft:golden_leggings":1,"minecraft:sandstone":2,"minecraft:iron_bars":1,"biomesoplenty:tall_lavender":2},"minecraft:mined":{"minecraft:dark_oak_planks":2,"minecraft:quartz_stairs":8,"minecraft:cobblestone_stairs":1,"gravestone:gravestone":13,"minecraft:glow_lichen":1,"biomesoplenty:bush":2,"minecraft:grass_block":6,"minecraft:decorated_pot":1,"minecraft:jungle_planks":2,"biomesoplenty:flowering_oak_leaves":1,"minecraft:sandstone_stairs":1,"minecraft:sandstone":10,"minecraft:spawner":13,"minecraft:large_fern":1,"minecraft:hay_block":20,"biomesoplenty:jacaranda_log":6,"biomesoplenty:tall_lavender":2,"minecraft:furnace":1,"minecraft:carrots":1,"minecraft:iron_ore":7,"biomesoplenty:lavender":3,"regions_unexplored:mossy_stone":1,"minecraft:andesite":2,"minecraft:moss_carpet":1,"minecraft:dark_oak_stairs":3,"minecraft:oak_stairs":1,"biomesoplenty:high_grass":2,"minecraft:vine":15,"minecraft:dirt_path":2,"minecraft:iron_bars":5,"regions_unexplored:medium_grass":5,"minecraft:stone":63,"minecraft:spruce_slab":1,"minecraft:orange_bed":1,"biomesoplenty:jacaranda_leaves":3,"minecraft:jungle_door":1,"minecraft:powder_snow":13,"minecraft:crafting_table":3,"taxov:block_sailor":1,"minecraft:jungle_stairs":4,"minecraft:chest":3,"biomesoplenty:high_grass_plant":4,"minecraft:tall_grass":2,"minecraft:cobblestone":2,"minecraft:oak_planks":1,"minecraft:wall_torch":2,"minecraft:skeleton_skull":1,"minecraft:yellow_bed":2,"minecraft:grass":34,"minecraft:coal_ore":48,"minecraft:oak_log":5,"minecraft:sand":64,"minecraft:dirt":8,"travelersbackpack:gold":3,"minecraft:oak_leaves":1}},"DataVersion":3465}