{"stats":{"minecraft:picked_up":{"minecraft:stick":5,"minecraft:sandstone":5,"minecraft:cut_sandstone":2,"minecraft:acacia_log":12,"minecraft:sand":7,"farmersdelight:tomato_seeds":3,"gravestone:obituary":1,"minecraft:cobblestone_wall":2,"minecraft:orange_terracotta":1,"minecraft:stone_bricks":2,"minecraft:hay_block":11,"minecraft:cobblestone":9},"minecraft:crafted":{"minecraft:stick":4,"minecraft:wooden_pickaxe":1,"minecraft:wooden_axe":1,"minecraft:acacia_planks":12},"minecraft:custom":{"minecraft:time_since_rest":1916,"minecraft:sprint_one_cm":73683,"minecraft:damage_taken":340,"minecraft:walk_one_cm":62476,"minecraft:drop":5,"minecraft:swim_one_cm":1978,"minecraft:interact_with_crafting_table":3,"minecraft:fly_one_cm":154807,"minecraft:open_chest":3,"minecraft:crouch_one_cm":835,"minecraft:play_time":16911,"minecraft:deaths":1,"minecraft:sneak_time":182,"minecraft:walk_under_water_one_cm":1848,"minecraft:jump":640,"minecraft:time_since_death":1884,"minecraft:walk_on_water_one_cm":1349,"minecraft:total_world_time":16911,"minecraft:fall_one_cm":16249},"minecraft:dropped":{"farmersdelight:tomato_seeds":3,"gravestone:obituary":2},"minecraft:used":{"minecraft:wooden_axe":9,"minecraft:acacia_log":1,"minecraft:bread":3,"minecraft:wooden_pickaxe":26,"minecraft:sandstone":5,"minecraft:cut_sandstone":2,"minecraft:stone_bricks":2,"minecraft:sand":7,"minecraft:cobblestone_wall":2,"minecraft:orange_terracotta":1},"minecraft:mined":{"minecraft:hay_block":11,"minecraft:cut_sandstone":2,"minecraft:glass_pane":2,"minecraft:cobblestone_wall":2,"minecraft:orange_terracotta":1,"minecraft:jungle_leaves":2,"minecraft:acacia_log":12,"projectvibrantjourneys:short_grass":2,"minecraft:gray_stained_glass":16,"minecraft:white_stained_glass_pane":4,"minecraft:dead_bush":7,"minecraft:sand":7,"minecraft:stone":9,"farmersdelight:wild_tomatoes":3,"minecraft:stone_bricks":2,"minecraft:oak_leaves":3,"minecraft:sandstone":5}},"DataVersion":3465}