{"stats":{"minecraft:custom":{"minecraft:mob_kills":212,"minecraft:interact_with_crafting_table":30,"minecraft:open_barrel":32,"minecraft:bell_ring":1,"minecraft:damage_dealt_resisted":1451,"minecraft:leave_game":4,"minecraft:time_since_death":13367,"minecraft:climb_one_cm":26994,"minecraft:sprint_one_cm":518225,"minecraft:walk_one_cm":765065,"minecraft:drop":122,"minecraft:talked_to_villager":4,"minecraft:play_time":254906,"minecraft:sneak_time":7527,"minecraft:deaths":17,"minecraft:walk_under_water_one_cm":26627,"minecraft:boat_one_cm":131175,"minecraft:jump":3842,"minecraft:walk_on_water_one_cm":28467,"minecraft:total_world_time":254906,"minecraft:interact_with_furnace":44,"minecraft:sleep_in_bed":8,"minecraft:time_since_rest":13470,"minecraft:damage_taken":15480,"minecraft:damage_absorbed":40,"minecraft:damage_dealt":34677,"minecraft:swim_one_cm":42542,"minecraft:fly_one_cm":597374,"minecraft:open_chest":171,"minecraft:crouch_one_cm":20795,"minecraft:fall_one_cm":129673},"minecraft:picked_up":{"minecraft:crafting_table":5,"minecraft:wheat":1,"minecraft:chicken":7,"minecraft:leather_leggings":1,"minecraft:oak_stairs":1,"minecraft:potion":3,"gravestone:obituary":5,"cwsr:wind_boom":1,"minecraft:string":16,"minecraft:moss_carpet":2,"biomesoplenty:tall_lavender":2,"minecraft:beef":52,"minecraft:coal_block":12,"minecraft:spruce_slab":1,"minecraft:melon_slice":132,"minecraft:quartz_stairs":8,"minecraft:chest":3,"minecraft:phantom_membrane":1,"minecraft:mangrove_log":2,"minecraft:furnace":1,"minecraft:iron_boots":1,"minecraft:egg":4,"minecraft:raw_iron":9,"minecraft:stick":7,"minecraft:sandstone":9,"born_in_chaos_v1:shattered_skull":1,"minecraft:jungle_door":1,"minecraft:torch":19,"minecraft:porkchop":26,"orcz:orchorn":1,"minecraft:cherry_log":2,"born_in_chaos_v1:pieceofdarkmetal":4,"minecraft:carrot":5,"cardinal_sins:stone_greatsword":1,"regions_unexplored:purple_coneflower":4,"minecraft:dark_oak_planks":2,"regions_unexplored:barley":2,"minecraft:orange_bed":1,"minecraft:arrow":13,"minecraft:stone_shovel":5,"minecraft:rotten_flesh":62,"biomesoplenty:jacaranda_log":6,"minecraft:jungle_stairs":3,"minecraft:diamond_boots":1,"orcz:orcshroom":2,"minecraft:hay_block":20,"minecraft:sandstone_stairs":2,"gamma_beasts:coal_nugget":39,"minecraft:gold_ingot":1,"minecraft:mutton":47,"minecraft:iron_bars":7,"undead_revamp2:arapholia":2,"minecraft:skeleton_skull":1,"minecraft:white_wool":27,"minecraft:cobblestone":97,"born_in_chaos_v1:fused_bone":2,"biomesoplenty:lavender":2,"born_in_chaos_v1:corpse_maggot":6,"minecraft:leather_chestplate":1,"minecraft:feather":11,"orcz:orcteeth":22,"born_in_chaos_v1:spiritual_dust":2,"minecraft:andesite":2,"minecraft:leather":39,"minecraft:golden_leggings":1,"minecraft:potato":1,"minecraft:gunpowder":3,"minecraft:oak_log":14,"minecraft:chainmail_chestplate":1,"undead_revamp2:huntereye":1,"minecraft:golden_boots":2,"minecraft:yellow_bed":4,"minecraft:cobblestone_stairs":1,"minecraft:dirt":884,"minecraft:bone":39,"minecraft:wheat_seeds":12,"minecraft:rabbit_hide":1,"minecraft:spruce_wood":5,"minecraft:iron_ingot":5,"minecraft:rabbit":1,"minecraft:glass_bottle":2,"travelersbackpack:gold":7,"minecraft:iron_sword":1,"minecraft:oak_planks":1,"minecraft:dark_oak_stairs":3,"minecraft:sweet_berries":70,"born_in_chaos_v1:ethereal_spirit":3,"orcz:orcagaric":2,"minecraft:stripped_acacia_wood":3,"born_in_chaos_v1:dark_rod":4,"orcz:blue_orcshroom":2,"minecraft:sand":64,"minecraft:jungle_planks":2,"minecraft:fermented_spider_eye":1,"minecraft:spider_eye":5,"minecraft:mossy_cobblestone":2,"taxov:block_sailor":1,"minecraft:slime_ball":4,"born_in_chaos_v1:fire_dust":1,"minecraft:diamond":3,"minecraft:angler_pottery_sherd":4,"minecraft:stripped_jungle_wood":3,"minecraft:iron_helmet":1,"minecraft:granite":7,"minecraft:painting":1,"minecraft:bread":27,"orcz:ironscrap":1,"minecraft:baked_potato":1,"minecraft:oak_sapling":1,"orcz:orceye":1,"minecraft:black_wool":6,"minecraft:coal":126},"minecraft:mined":{"minecraft:dark_oak_planks":2,"minecraft:quartz_stairs":8,"regions_unexplored:barley":2,"minecraft:cobblestone_stairs":1,"minecraft:glow_lichen":1,"gravestone:gravestone":17,"minecraft:granite":7,"biomesoplenty:bush":2,"minecraft:grass_block":180,"minecraft:decorated_pot":1,"minecraft:jungle_planks":2,"minecraft:stripped_jungle_wood":4,"biomesoplenty:flowering_oak_leaves":2,"minecraft:coal_block":12,"minecraft:spawner":20,"minecraft:sandstone":13,"minecraft:sandstone_stairs":1,"minecraft:large_fern":1,"minecraft:hay_block":20,"biomesoplenty:jacaranda_log":6,"biomesoplenty:tall_lavender":2,"minecraft:furnace":1,"minecraft:carrots":1,"minecraft:iron_ore":9,"minecraft:fire":7,"biomesoplenty:lavender":4,"regions_unexplored:mossy_stone":1,"minecraft:andesite":2,"minecraft:moss_carpet":1,"minecraft:dark_oak_stairs":3,"biomesoplenty:high_grass":2,"minecraft:dirt_path":2,"minecraft:vine":15,"minecraft:oak_stairs":1,"minecraft:iron_bars":7,"regions_unexplored:medium_grass":9,"regions_unexplored:windswept_grass":7,"minecraft:stone":88,"regions_unexplored:silt_grass_block":1,"minecraft:orange_bed":1,"minecraft:spruce_slab":1,"biomesoplenty:jacaranda_leaves":3,"minecraft:jungle_door":1,"minecraft:powder_snow":13,"minecraft:cornflower":1,"minecraft:crafting_table":5,"taxov:block_sailor":1,"minecraft:jungle_stairs":4,"minecraft:melon":28,"minecraft:chest":3,"biomesoplenty:high_grass_plant":4,"minecraft:tall_grass":3,"minecraft:cobblestone":2,"minecraft:oak_planks":1,"minecraft:wall_torch":5,"minecraft:skeleton_skull":1,"minecraft:sweet_berry_bush":5,"minecraft:yellow_bed":2,"minecraft:grass":52,"minecraft:coal_ore":125,"minecraft:oak_log":10,"minecraft:sand":64,"minecraft:dirt":591,"travelersbackpack:gold":7,"minecraft:stripped_acacia_wood":2,"minecraft:oak_leaves":1,"minecraft:fern":3},"minecraft:broken":{"minecraft:leather_leggings":2,"minecraft:leather_chestplate":1,"minecraft:stone_pickaxe":2,"minecraft:stone_axe":3,"vanillaplustools:stone_shovel":1},"minecraft:killed":{"cardinal_sins:skeletonofgluttony":3,"undead_revamp2:thehunter":2,"orcz:goblinshield":2,"minecraft:witch":1,"born_in_chaos_v1:zombie_lumberjack":1,"born_in_chaos_v1:restless_spirit":1,"born_in_chaos_v1:skeleton_demoman":1,"born_in_chaos_v1:door_knight_not_despawn":1,"minecraft:spider":10,"undead_revamp2:thesmoker":1,"born_in_chaos_v1:skeleton_thrasher_not_despawn":1,"born_in_chaos_v1:baby_skeleton_minion":1,"born_in_chaos_v1:siamese_skeletonsright":1,"minecraft:phantom":1,"born_in_chaos_v1:maggot":11,"minecraft:horse":4,"minecraft:skeleton":8,"gamma_beasts:banndu_a":1,"undead_revamp2:coppertar":1,"minecraft:chicken":7,"minecraft:silverfish":2,"orcz:orcsavagemace":1,"undead_revamp2:thepregnant":1,"undead_revamp2:sucker":3,"minecraft:husk":1,"born_in_chaos_v1:bonescaller":1,"minecraft:pig":11,"minecraft:zombie_villager":3,"born_in_chaos_v1:baby_skeleton":1,"minecraft:salmon":1,"undead_revamp2:the_moonflower":4,"minecraft:rabbit":1,"minecraft:hoglin":3,"minecraft:creeper":1,"born_in_chaos_v1:decrepit_skeleton":2,"minecraft:sheep":32,"undead_revamp2:thesomnolence":8,"minecraft:zombie":27,"born_in_chaos_v1:dark_vortex":1,"minecraft:stray":1,"orcz:bigorcboss":1,"orcz:snot":7,"orcz:orcsavage_2sword":2,"minecraft:wither_skeleton":3,"orcz:goblin_2sword":1,"cardinal_sins:stonewarrior":1,"orcz:orcshield":1,"minecraft:villager":1,"born_in_chaos_v1:decaying_zombie_not_despawn":1,"born_in_chaos_v1:siamese_skeletonsleft":1,"minecraft:cow":27},"minecraft:crafted":{"gamma_beasts:golden_berries":21,"minecraft:oak_planks":60,"minecraft:stone_shovel":9,"minecraft:cooked_chicken":5,"minecraft:cooked_mutton":27,"minecraft:glass":46,"travelersbackpack:white_sleeping_bag":1,"travelersbackpack:gold":1,"minecraft:stone_pickaxe":3,"gamma_beasts:banndu_saddle":1,"minecraft:chest":2,"vanillaplustools:stone_shovel":1,"minecraft:cooked_rabbit":1,"minecraft:cooked_beef":18,"biomesoplenty:jacaranda_planks":24,"minecraft:cooked_porkchop":25,"biomesoplenty:jacaranda_boat":1,"minecraft:crafting_table":2,"minecraft:spruce_planks":20,"travelersbackpack:backpack_tank":4,"travelersbackpack:standard":2,"travelersbackpack:black_sleeping_bag":1,"gamma_beasts:leather_saddle":1,"minecraft:stone_axe":4,"minecraft:air":0,"minecraft:iron_ingot":2,"minecraft:stick":60,"minecraft:iron_pickaxe":1},"minecraft:dropped":{"minecraft:golden_boots":2,"minecraft:dark_oak_stairs":1,"minecraft:wheat_seeds":11,"minecraft:glass_bottle":2,"minecraft:sandstone_stairs":1,"biomesoplenty:lavender":1,"minecraft:iron_helmet":1,"orcz:blue_orcshroom":2,"orcz:orcagaric":2,"minecraft:granite":7,"travelersbackpack:standard":1,"minecraft:cobblestone_stairs":1,"minecraft:stick":5,"minecraft:dirt":170,"regions_unexplored:purple_coneflower":4,"minecraft:melon_slice":3,"regions_unexplored:barley":2,"minecraft:jungle_door":1,"gravestone:obituary":18,"minecraft:phantom_membrane":1,"minecraft:angler_pottery_sherd":1,"minecraft:chainmail_leggings":1,"minecraft:string":1,"minecraft:fermented_spider_eye":1,"minecraft:bone":1,"minecraft:sweet_berries":2,"minecraft:stripped_jungle_wood":3,"minecraft:stone_shovel":5,"minecraft:rotten_flesh":48,"minecraft:stripped_acacia_wood":2,"orcz:orcshroom":2,"minecraft:jungle_stairs":2,"born_in_chaos_v1:corpse_maggot":1,"minecraft:andesite":2,"minecraft:yellow_bed":2,"minecraft:golden_leggings":1,"minecraft:oak_sapling":1,"minecraft:spider_eye":3,"minecraft:sandstone":2,"minecraft:iron_bars":3,"minecraft:arrow":2,"biomesoplenty:tall_lavender":2,"minecraft:black_wool":2},"minecraft:killed_by":{"minecraft:player":1,"minecraft:zombie":1},"minecraft:used":{"minecraft:iron_bars":2,"minecraft:stone_shovel":1,"minecraft:chest":3,"minecraft:cooked_chicken":2,"minecraft:orange_bed":1,"minecraft:torch":40,"minecraft:dirt":559,"minecraft:carrot":23,"minecraft:dark_oak_planks":2,"travelersbackpack:gold":22,"minecraft:oak_stairs":1,"minecraft:golden_carrot":7,"minecraft:cooked_cod":3,"minecraft:furnace":1,"minecraft:cooked_beef":19,"minecraft:potato":14,"minecraft:cooked_mutton":24,"minecraft:dark_oak_stairs":2,"cardinal_sins:stone_greatsword":294,"taxov:block_sailor":1,"minecraft:stone_pickaxe":311,"minecraft:baked_potato":4,"minecraft:oak_planks":55,"minecraft:leather_chestplate":1,"minecraft:salmon":4,"minecraft:golden_apple":2,"minecraft:mossy_cobblestone":2,"cwsr:wind_boom":3,"minecraft:crafting_table":6,"vanillaplustools:stone_shovel":130,"minecraft:painting":1,"minecraft:cod":10,"biomesoplenty:jacaranda_planks":1,"minecraft:oak_log":3,"minecraft:bread":39,"minecraft:melon_slice":57,"biomesoplenty:jacaranda_boat":1,"minecraft:stone_axe":326,"minecraft:cobblestone":38,"travelersbackpack:standard":1,"minecraft:cooked_porkchop":5,"minecraft:yellow_bed":1}},"DataVersion":3465}