{"stats":{"minecraft:picked_up":{"minecraft:wooden_axe":1,"minecraft:crafting_table":2,"minecraft:cocoa_beans":4,"minecraft:lime_bed":1,"minecraft:coarse_dirt":1,"minecraft:jungle_boat":1,"minecraft:feather":2,"knighys_additions:nerium":3,"minecraft:jungle_log":1,"minecraft:wooden_pickaxe":1,"tombstone:grave_key":2,"minecraft:dirt":1,"minecraft:string":4,"minecraft:wheat_seeds":7,"minecraft:melon_slice":143,"biomesoplenty:mahogany_planks":7,"alexsmobs:leafcutter_ant_chamber":2,"minecraft:torch":1,"minecraft:spruce_log":2,"minecraft:dark_oak_log":21,"alexsmobs:leafcutter_ant_pupa":1,"minecraft:dark_oak_planks":8,"biomesoplenty:mahogany_log":24,"mokels_adventure:bloody_tear":1,"minecraft:rotten_flesh":14,"minecraft:iron_bars":2,"minecraft:coal":29,"minecraft:cobblestone":26},"minecraft:dropped":{"minecraft:coarse_dirt":1,"minecraft:cocoa_beans":4,"tombstone:gift":1,"minecraft:rotten_flesh":9,"alexsmobs:leafcutter_ant_chamber":1,"tombstone:grave_key":2,"minecraft:wooden_axe":1,"tombstone:grave_dust":1,"minecraft:wooden_pickaxe":2},"minecraft:used":{"biomesoplenty:mahogany_planks":61,"minecraft:stone_sword":183,"minecraft:stone_pickaxe":58,"minecraft:ladder":3,"knighys_additions:nerium":3,"minecraft:chest":1,"minecraft:wooden_pickaxe":3,"minecraft:rotten_flesh":1,"minecraft:jungle_boat":1,"minecraft:torch":6,"minecraft:dirt":1,"minecraft:crafting_table":3,"biomesoplenty:mahogany_door":2,"alexsmobs:leafcutter_ant_pupa":1,"minecraft:wooden_axe":15,"minecraft:dark_oak_planks":25,"minecraft:melon_slice":95,"minecraft:stone_axe":101,"minecraft:dark_oak_boat":1,"tombstone:gift":2,"alexsmobs:animal_dictionary":2},"minecraft:killed":{"undead_revamp2:thewolf":1,"mokels_adventure:vyde":1,"undead_revamp2:the_moonflower":1,"minecraft:spider":1,"alexsmobs:seagull":1,"minecraft:zombie":7,"alexsmobs:leafcutter_ant":4,"undead_revamp2:sucker":1},"minecraft:mined":{"minecraft:dark_oak_planks":6,"knighys_additions:nerium":2,"minecraft:dark_oak_leaves":1,"alexsmobs:leafcutter_anthill":2,"minecraft:dark_oak_log":21,"minecraft:crafting_table":2,"minecraft:grass_block":1,"minecraft:melon":29,"biomesoplenty:mahogany_planks":7,"minecraft:jungle_log":1,"alexsmobs:leafcutter_ant_chamber":2,"minecraft:wall_torch":1,"minecraft:large_fern":1,"minecraft:lime_bed":1,"minecraft:coarse_dirt":1,"biomesoplenty:mahogany_log":20,"minecraft:spruce_log":2,"minecraft:grass":9,"minecraft:coal_ore":29,"minecraft:cocoa":2,"minecraft:vine":1,"minecraft:iron_bars":2,"minecraft:stone":26,"world:leavesoak":1,"minecraft:oak_leaves":4,"minecraft:fern":82},"minecraft:custom":{"minecraft:mob_kills":17,"minecraft:interact_with_crafting_table":17,"minecraft:damage_dealt_resisted":50,"minecraft:time_since_death":27899,"minecraft:climb_one_cm":6254,"minecraft:time_since_rest":25500,"minecraft:sprint_one_cm":121323,"minecraft:damage_taken":2380,"minecraft:walk_one_cm":230614,"minecraft:drop":22,"minecraft:damage_dealt":4097,"minecraft:swim_one_cm":22521,"minecraft:fly_one_cm":106791,"minecraft:open_chest":16,"minecraft:crouch_one_cm":6817,"minecraft:play_time":59230,"minecraft:sneak_time":2018,"tombstone:undead_killed":10,"minecraft:deaths":3,"minecraft:walk_under_water_one_cm":11636,"minecraft:boat_one_cm":58905,"minecraft:jump":869,"minecraft:walk_on_water_one_cm":9915,"minecraft:total_world_time":59230,"minecraft:fall_one_cm":22321},"minecraft:broken":{"minecraft:stone_sword":1},"minecraft:crafted":{"minecraft:dark_oak_boat":1,"minecraft:crafting_table":1,"biomesoplenty:mahogany_planks":96,"minecraft:wooden_pickaxe":1,"minecraft:stone_axe":1,"minecraft:jungle_planks":4,"minecraft:ladder":3,"biomesoplenty:mahogany_door":3,"minecraft:stick":16,"minecraft:stone_pickaxe":1,"minecraft:stone_sword":1,"minecraft:chest":1,"minecraft:dark_oak_planks":84,"minecraft:torch":8}},"DataVersion":3465}