{"stats":{"minecraft:killed":{"minecraft:pig":2,"minecraft:witch":1,"minecraft:zombie_villager":1},"minecraft:custom":{"minecraft:mob_kills":4,"minecraft:interact_with_crafting_table":3,"minecraft:open_barrel":8,"minecraft:bell_ring":1,"minecraft:leave_game":2,"minecraft:time_since_death":2819,"minecraft:climb_one_cm":56,"minecraft:time_since_rest":2840,"minecraft:sprint_one_cm":32399,"minecraft:damage_taken":1355,"minecraft:walk_one_cm":73765,"minecraft:drop":15,"minecraft:damage_dealt":691,"minecraft:swim_one_cm":20171,"minecraft:fly_one_cm":48293,"minecraft:open_chest":20,"minecraft:crouch_one_cm":875,"minecraft:play_time":24989,"minecraft:deaths":3,"minecraft:sneak_time":289,"minecraft:walk_under_water_one_cm":10183,"minecraft:boat_one_cm":97965,"minecraft:jump":313,"minecraft:walk_on_water_one_cm":2470,"minecraft:total_world_time":24989,"minecraft:fall_one_cm":14296},"minecraft:used":{"minecraft:dark_oak_stairs":2,"taxov:block_sailor":1,"minecraft:stone_pickaxe":3,"minecraft:salmon":4,"minecraft:dirt":5,"minecraft:cod":10,"minecraft:painting":1,"biomesoplenty:jacaranda_planks":1,"biomesoplenty:jacaranda_boat":1,"minecraft:stone_axe":46,"minecraft:golden_carrot":2,"minecraft:cooked_cod":1,"minecraft:potato":1},"minecraft:crafted":{"biomesoplenty:jacaranda_planks":24,"biomesoplenty:jacaranda_boat":1,"minecraft:stone_axe":1,"minecraft:stick":20,"minecraft:stone_pickaxe":1},"minecraft:picked_up":{"biomesoplenty:lavender":1,"minecraft:crafting_table":1,"minecraft:potato":1,"minecraft:potion":3,"minecraft:oak_log":5,"minecraft:yellow_bed":2,"minecraft:moss_carpet":2,"minecraft:dirt":5,"biomesoplenty:tall_lavender":2,"minecraft:wheat_seeds":2,"minecraft:glass_bottle":2,"minecraft:spruce_slab":1,"minecraft:chest":3,"minecraft:phantom_membrane":1,"minecraft:dark_oak_stairs":2,"minecraft:furnace":1,"minecraft:stick":1,"minecraft:torch":1,"minecraft:porkchop":4,"minecraft:jungle_planks":2,"minecraft:fermented_spider_eye":1,"minecraft:spider_eye":1,"minecraft:dark_oak_planks":1,"taxov:block_sailor":1,"minecraft:orange_bed":1,"biomesoplenty:jacaranda_log":6,"minecraft:angler_pottery_sherd":4,"minecraft:jungle_stairs":3,"minecraft:painting":1,"minecraft:skeleton_skull":1,"minecraft:cobblestone":9},"minecraft:dropped":{"minecraft:wheat_seeds":2,"minecraft:glass_bottle":2,"biomesoplenty:lavender":1,"minecraft:jungle_stairs":2,"gravestone:obituary":3,"minecraft:phantom_membrane":1,"minecraft:angler_pottery_sherd":1,"minecraft:fermented_spider_eye":1,"biomesoplenty:tall_lavender":2},"minecraft:mined":{"minecraft:dark_oak_planks":1,"biomesoplenty:jacaranda_leaves":3,"gravestone:gravestone":3,"minecraft:crafting_table":1,"minecraft:glow_lichen":1,"taxov:block_sailor":1,"minecraft:jungle_stairs":4,"biomesoplenty:bush":1,"minecraft:grass_block":3,"minecraft:decorated_pot":1,"minecraft:jungle_planks":2,"minecraft:chest":3,"biomesoplenty:flowering_oak_leaves":1,"minecraft:tall_grass":2,"minecraft:spawner":2,"minecraft:skeleton_skull":1,"biomesoplenty:jacaranda_log":6,"biomesoplenty:tall_lavender":2,"minecraft:furnace":1,"biomesoplenty:lavender":3,"minecraft:moss_carpet":1,"minecraft:yellow_bed":2,"minecraft:dark_oak_stairs":2,"minecraft:grass":8,"minecraft:oak_log":5,"minecraft:dirt":2,"minecraft:spruce_slab":1,"minecraft:orange_bed":1}},"DataVersion":3465}