{"stats":{"minecraft:custom":{"minecraft:interact_with_crafting_table":44,"minecraft:open_barrel":61,"minecraft:bell_ring":1,"minecraft:leave_game":8,"minecraft:time_since_death":105496,"minecraft:sprint_one_cm":1107462,"minecraft:damage_blocked_by_shield":265,"minecraft:drop":325,"minecraft:talked_to_villager":4,"minecraft:play_time":501109,"minecraft:deaths":26,"minecraft:jump":7709,"minecraft:walk_on_water_one_cm":60035,"minecraft:interact_with_furnace":44,"minecraft:sleep_in_bed":9,"minecraft:damage_dealt":79972,"minecraft:crouch_one_cm":43055,"minecraft:mob_kills":423,"minecraft:damage_dealt_resisted":3953,"minecraft:climb_one_cm":35617,"minecraft:walk_one_cm":1577715,"minecraft:sneak_time":15457,"minecraft:walk_under_water_one_cm":49369,"minecraft:boat_one_cm":131175,"minecraft:total_world_time":501109,"minecraft:time_since_rest":97000,"minecraft:damage_taken":31453,"minecraft:damage_absorbed":679,"minecraft:swim_one_cm":74073,"minecraft:fly_one_cm":1244907,"minecraft:open_chest":456,"minecraft:fall_one_cm":265220},"minecraft:picked_up":{"minecraft:wheat":1,"minecraft:chainmail_boots":4,"minecraft:lead":1,"minecraft:oak_stairs":1,"minecraft:brown_bed":1,"minecraft:potion":3,"minecraft:enchanted_book":1,"minecraft:stone_brick_stairs":1,"depthcrawler:greenshard":14,"minecraft:golden_sword":1,"minecraft:string":39,"biomesoplenty:tall_lavender":2,"minecraft:activator_rail":8,"minecraft:diamond_leggings":3,"minecraft:cobbled_deepslate":362,"minecraft:bucket":1,"minecraft:wooden_shovel":1,"minecraft:iron_pickaxe":1,"minecraft:melon_slice":287,"minecraft:coal_block":12,"minecraft:mangrove_log":2,"minecraft:iron_boots":1,"minecraft:furnace":1,"minecraft:tipped_arrow":5,"minecraft:stick":7,"born_in_chaos_v1:shattered_skull":2,"minecraft:jungle_door":1,"minecraft:oak_fence":3,"minecraft:torch":27,"minecraft:porkchop":26,"cwsr:wind_essence":1,"minecraft:cherry_log":2,"minecraft:diorite":12,"born_in_chaos_v1:nightmare_claw":1,"cardinal_sins:stone_greatsword":1,"minecraft:golden_chestplate":1,"regions_unexplored:barley":2,"minecraft:orange_bed":2,"minecraft:rotten_flesh":134,"gamma_beasts:kiwi":2,"orcz:orcshroom":3,"gamma_beasts:coal_nugget":39,"gamma_beasts:golden_berries":10,"minecraft:iron_bars":25,"undead_revamp2:arapholia":3,"minecraft:cobblestone":193,"biomesoplenty:lavender":2,"minecraft:leather_chestplate":2,"minecraft:feather":13,"minecraft:cooked_beef":1,"orcz:orcteeth":44,"born_in_chaos_v1:spiritual_dust":4,"minecraft:andesite":29,"cwsr:dark_essence":1,"minecraft:golden_leggings":1,"gamma_beasts:prehnite":3,"minecraft:potato":1,"minecraft:flint":1,"minecraft:tuff":8,"undead_revamp2:huntereye":2,"minecraft:dirt":891,"cwsr:beast_essence":1,"born_in_chaos_v1:monster_skin":4,"minecraft:bone":84,"undead_revamp2:blacpetalblock":1,"minecraft:bow":2,"minecraft:wheat_seeds":17,"minecraft:raw_gold":9,"minecraft:mossy_stone_bricks":4,"minecraft:rabbit":1,"minecraft:powered_rail":4,"travelersbackpack:gold":10,"minecraft:oak_planks":1,"orcz:skullwandorc":1,"orcz:orcagaric":2,"minecraft:stripped_acacia_wood":3,"orcz:blue_orcshroom":6,"minecraft:sand":64,"minecraft:jungle_planks":2,"minecraft:fermented_spider_eye":1,"minecraft:diamond_block":1,"minecraft:mossy_cobblestone":2,"undead_revamp2:heavytooth":2,"born_in_chaos_v1:fire_dust":1,"minecraft:diamond":6,"minecraft:angler_pottery_sherd":4,"minecraft:granite":53,"minecraft:bone_meal":1,"minecraft:emerald":4,"minecraft:bread":83,"orcz:ironscrap":2,"minecraft:oak_sapling":1,"minecraft:netherrack":4,"minecraft:crafting_table":10,"minecraft:chicken":8,"minecraft:ladder":2,"minecraft:chest_minecart":1,"minecraft:leather_leggings":3,"gravestone:obituary":9,"cwsr:wind_boom":1,"minecraft:moss_carpet":2,"minecraft:cracked_stone_bricks":10,"minecraft:beef":53,"deep_dark_regrowth:sculk_soil":3,"minecraft:spruce_slab":1,"minecraft:quartz_stairs":8,"minecraft:chest":3,"crittersandcompanions:clam":1,"minecraft:phantom_membrane":1,"minecraft:egg":5,"depthcrawler:ancientmechanism":2,"minecraft:raw_iron":13,"minecraft:sandstone":9,"orcz:orchorn":2,"born_in_chaos_v1:pieceofdarkmetal":5,"minecraft:carrot":6,"minecraft:redstone":4,"depthcrawler:whiteshard":1,"minecraft:dark_oak_planks":2,"regions_unexplored:purple_coneflower":4,"minecraft:arrow":39,"minecraft:stone_shovel":6,"biomesoplenty:jacaranda_log":6,"minecraft:beetroot_seeds":8,"minecraft:jungle_stairs":3,"minecraft:nether_bricks":9,"minecraft:diamond_boots":2,"minecraft:hay_block":80,"minecraft:sandstone_stairs":2,"minecraft:gold_ingot":1,"minecraft:saddle":1,"minecraft:mutton":49,"minecraft:rail":12,"minecraft:skeleton_skull":1,"minecraft:white_wool":27,"deep_dark_regrowth:sculk_bone":6,"born_in_chaos_v1:fused_bone":2,"born_in_chaos_v1:corpse_maggot":17,"born_in_chaos_v1:monster_flesh":1,"minecraft:golden_carrot":1,"minecraft:leather":39,"minecraft:oak_log":15,"minecraft:chainmail_chestplate":1,"minecraft:golden_boots":3,"minecraft:yellow_bed":5,"minecraft:gunpowder":9,"minecraft:cobblestone_stairs":2,"minecraft:stone_bricks":16,"gamma_beasts:meat":2,"minecraft:rabbit_hide":1,"minecraft:spruce_wood":5,"minecraft:iron_ingot":6,"gamma_beasts:diamond_golem_saddle":1,"minecraft:glass_bottle":2,"minecraft:iron_sword":1,"minecraft:dark_oak_stairs":3,"deep_dark_regrowth:plasma_chunk":26,"minecraft:emerald_block":6,"minecraft:sweet_berries":70,"born_in_chaos_v1:ethereal_spirit":6,"minecraft:gravel":10,"born_in_chaos_v1:dark_rod":5,"mowziesmobs:wrought_helmet":1,"minecraft:spider_eye":13,"minecraft:leather_helmet":2,"taxov:block_sailor":1,"undead_revamp2:rawbostrox":1,"travelersbackpack:standard":1,"minecraft:oak_wood":12,"minecraft:pumpkin_seeds":2,"minecraft:slime_ball":8,"minecraft:iron_helmet":1,"minecraft:stripped_jungle_wood":3,"minecraft:painting":1,"dungeonsweaponry:glaive":2,"minecraft:baked_potato":1,"orcz:orceye":3,"minecraft:black_wool":6,"minecraft:dark_oak_wood":2,"minecraft:coal":128},"minecraft:mined":{"minecraft:dark_oak_planks":2,"minecraft:cobblestone_stairs":1,"minecraft:granite":37,"minecraft:grass_block":181,"biomesoplenty:flowering_oak_leaves":2,"minecraft:coal_block":12,"minecraft:spawner":61,"minecraft:sandstone_stairs":1,"biomesoplenty:tall_lavender":2,"minecraft:mossy_cobblestone_stairs":1,"undead_revamp2:bostroxore":1,"minecraft:iron_ore":9,"minecraft:fire":14,"minecraft:cobbled_deepslate":30,"regions_unexplored:mossy_stone":1,"biomesoplenty:lavender":4,"minecraft:moss_carpet":1,"minecraft:brown_bed":1,"minecraft:dark_oak_stairs":3,"minecraft:dirt_path":2,"minecraft:oak_stairs":1,"minecraft:iron_bars":23,"regions_unexplored:silt_grass_block":1,"minecraft:spruce_slab":1,"minecraft:orange_bed":2,"biomesoplenty:jacaranda_leaves":3,"minecraft:jungle_door":1,"deep_dark_regrowth:sculk_ribs":7,"minecraft:powder_snow":13,"minecraft:torch":2,"minecraft:jungle_stairs":4,"minecraft:dark_oak_wood":3,"minecraft:melon":59,"minecraft:chest":3,"minecraft:cobblestone":15,"deep_dark_regrowth:overloaded_sculk":82,"minecraft:oak_planks":1,"minecraft:wall_torch":7,"minecraft:skeleton_skull":1,"minecraft:light_gray_wool":1,"minecraft:grass":69,"biomesoplenty:clover":1,"minecraft:oak_log":10,"minecraft:sand":64,"minecraft:dirt":591,"travelersbackpack:gold":7,"minecraft:netherrack":2,"minecraft:oak_leaves":4,"minecraft:deepslate":323,"minecraft:tuff":7,"deep_dark_regrowth:plasma_block":29,"deep_dark_regrowth:sculk_soil":3,"minecraft:quartz_stairs":8,"minecraft:mossy_cobblestone":3,"regions_unexplored:barley":2,"minecraft:deepslate_diamond_ore":2,"minecraft:nether_bricks":9,"gravestone:gravestone":26,"minecraft:glow_lichen":1,"biomesoplenty:bush":2,"minecraft:decorated_pot":1,"minecraft:jungle_planks":2,"minecraft:stripped_jungle_wood":4,"minecraft:sandstone":13,"minecraft:large_fern":1,"minecraft:hay_block":80,"biomesoplenty:jacaranda_log":6,"minecraft:furnace":1,"minecraft:carrots":1,"gamma_beasts:prehnite_ore":3,"minecraft:andesite":7,"gamma_beasts:acacia_hoja":1,"minecraft:deepslate_iron_ore":4,"biomesoplenty:high_grass":7,"minecraft:vine":18,"minecraft:rail":7,"regions_unexplored:medium_grass":9,"minecraft:stone":144,"regions_unexplored:windswept_grass":7,"minecraft:white_wool":9,"minecraft:oak_fence":2,"minecraft:crafting_table":10,"minecraft:cornflower":1,"taxov:block_sailor":1,"minecraft:oak_wood":12,"biomesoplenty:high_grass_plant":6,"minecraft:tall_grass":8,"minecraft:deepslate_gold_ore":9,"minecraft:sculk":176,"minecraft:sweet_berry_bush":5,"minecraft:yellow_bed":3,"minecraft:black_wool":2,"minecraft:coal_ore":125,"minecraft:gravel":3,"minecraft:cobweb":21,"minecraft:cracked_stone_bricks":8,"minecraft:stripped_acacia_wood":2,"minecraft:stone_bricks":5,"minecraft:mossy_stone_bricks":4,"minecraft:fern":3},"minecraft:broken":{"minecraft:iron_boots":1,"minecraft:leather_leggings":3,"minecraft:stone_pickaxe":2,"minecraft:stone_axe":3,"minecraft:leather_chestplate":1,"minecraft:shield":1,"minecraft:iron_pickaxe":3,"minecraft:iron_helmet":1,"vanillaplustools:stone_shovel":1},"minecraft:killed":{"born_in_chaos_v1:zombie_clown":1,"minecraft:cave_spider":9,"orcz:goblinshield":2,"minecraft:witch":1,"born_in_chaos_v1:restless_spirit":2,"born_in_chaos_v1:zombie_lumberjack":2,"born_in_chaos_v1:skeleton_demoman":1,"born_in_chaos_v1:door_knight_not_despawn":1,"minecraft:spider":16,"undead_revamp2:thesmoker":2,"born_in_chaos_v1:siamese_skeletonsright":1,"born_in_chaos_v1:scarlet_persecutor":3,"born_in_chaos_v1:baby_skeleton_minion":3,"undead_revamp2:theswarmer":3,"minecraft:skeleton":28,"gamma_beasts:banndu_a":1,"minecraft:bee":3,"minecraft:chicken":9,"minecraft:silverfish":7,"undead_revamp2:thepregnant":1,"undead_revamp2:crackleball":4,"depthcrawler:cavedeep":3,"born_in_chaos_v1:bonescaller":2,"minecraft:pig":12,"minecraft:zombie_villager":3,"minecraft:salmon":1,"undead_revamp2:theheavy":1,"dungeonsweaponry:nameless_one":1,"minecraft:creeper":7,"minecraft:sheep":33,"minecraft:zombie":63,"born_in_chaos_v1:dread_hound":2,"born_in_chaos_v1:corpse_fly":9,"minecraft:stray":8,"orcz:bigorcboss":3,"gamma_beasts:dogishi_a":1,"born_in_chaos_v1:door_knight":1,"orcz:orcsavage_2sword":4,"orcz:snot":13,"orcz:orcshield":3,"born_in_chaos_v1:siamese_skeletonsleft":1,"minecraft:cow":27,"cardinal_sins:skeletonofgluttony":8,"minecraft:vex":3,"undead_revamp2:thehunter":3,"dungeonsweaponry:vanguard":2,"minecraft:vindicator":6,"born_in_chaos_v1:skeleton_thrasher_not_despawn":1,"born_in_chaos_v1:zombie_bruiser":1,"born_in_chaos_v1:maggot":17,"minecraft:phantom":1,"minecraft:horse":4,"undead_revamp2:coppertar":1,"undead_revamp2:thebidy":5,"born_in_chaos_v1:corpse_fish":1,"crittersandcompanions:otter":1,"minecraft:drowned":1,"orcz:orcsavagemace":3,"orcz:orcsavageweird":2,"undead_revamp2:sucker":4,"born_in_chaos_v1:spiritof_chaos":1,"minecraft:husk":1,"born_in_chaos_v1:baby_skeleton":1,"undead_revamp2:the_moonflower":13,"minecraft:rabbit":1,"minecraft:bat":2,"minecraft:hoglin":3,"born_in_chaos_v1:decrepit_skeleton":7,"gamma_beasts:diamond_golem_a":1,"undead_revamp2:thesomnolence":14,"born_in_chaos_v1:dark_vortex":2,"born_in_chaos_v1:nightmare_stalker":1,"minecraft:wither_skeleton":3,"orcz:goblin_2sword":1,"cardinal_sins:stonewarrior":1,"minecraft:villager":1,"born_in_chaos_v1:decaying_zombie_not_despawn":1,"gamma_beasts:muba_a":2},"minecraft:dropped":{"minecraft:dark_oak_stairs":1,"minecraft:cooked_beef":1,"crittersandcompanions:clam":1,"minecraft:glass_bottle":2,"minecraft:sandstone_stairs":1,"orcz:blue_orcshroom":6,"minecraft:chest_minecart":1,"minecraft:cracked_stone_bricks":3,"born_in_chaos_v1:pieceofdarkmetal":1,"travelersbackpack:standard":1,"minecraft:rail":12,"minecraft:leather_helmet":2,"minecraft:flint":1,"minecraft:cobblestone_stairs":2,"minecraft:dirt":197,"minecraft:mutton":2,"regions_unexplored:purple_coneflower":4,"gravestone:obituary":30,"minecraft:bone_meal":1,"minecraft:phantom_membrane":1,"minecraft:iron_pickaxe":1,"undead_revamp2:blacpetalblock":1,"minecraft:fermented_spider_eye":1,"minecraft:bone":3,"minecraft:gravel":10,"minecraft:stone_axe":1,"minecraft:golden_chestplate":1,"minecraft:stripped_jungle_wood":3,"minecraft:rotten_flesh":98,"orcz:orcshroom":3,"gamma_beasts:golden_berries":1,"minecraft:leather_chestplate":2,"minecraft:tipped_arrow":3,"minecraft:gunpowder":2,"minecraft:jungle_stairs":2,"minecraft:beetroot_seeds":8,"born_in_chaos_v1:corpse_maggot":10,"minecraft:ladder":2,"minecraft:chainmail_boots":2,"minecraft:leather_leggings":1,"minecraft:iron_bars":16,"minecraft:arrow":14,"minecraft:powered_rail":4,"minecraft:beef":1,"orcz:skullwandorc":1,"minecraft:stone_brick_stairs":1,"biomesoplenty:tall_lavender":2,"minecraft:netherrack":4,"minecraft:egg":1,"minecraft:golden_boots":2,"minecraft:bread":55,"born_in_chaos_v1:shattered_skull":1,"minecraft:wheat_seeds":16,"minecraft:lead":1,"biomesoplenty:lavender":1,"minecraft:oak_fence":3,"minecraft:iron_helmet":1,"minecraft:feather":2,"minecraft:cobblestone":1,"orcz:orcagaric":2,"minecraft:apple":4,"minecraft:granite":53,"minecraft:activator_rail":8,"minecraft:stick":5,"minecraft:diorite":12,"minecraft:golden_carrot":1,"minecraft:melon_slice":11,"regions_unexplored:barley":2,"minecraft:jungle_door":1,"minecraft:iron_leggings":1,"mowziesmobs:wrought_helmet":1,"cwsr:earth_essence":1,"minecraft:angler_pottery_sherd":1,"minecraft:chainmail_leggings":1,"minecraft:string":16,"minecraft:bucket":1,"minecraft:redstone":4,"minecraft:sweet_berries":2,"minecraft:tuff":8,"minecraft:stone_shovel":6,"minecraft:chicken":1,"dungeonsweaponry:glaive":2,"minecraft:stripped_acacia_wood":2,"orcz:ironscrap":1,"minecraft:nether_bricks":2,"minecraft:potato":5,"minecraft:iron_chestplate":1,"minecraft:andesite":28,"minecraft:mossy_stone_bricks":3,"minecraft:yellow_bed":2,"minecraft:golden_leggings":1,"minecraft:oak_sapling":1,"minecraft:spider_eye":9,"minecraft:stone_bricks":12,"minecraft:diamond_boots":1,"minecraft:sandstone":2,"minecraft:bow":2,"minecraft:stone_pickaxe":1,"minecraft:raw_gold":3,"minecraft:black_wool":3},"minecraft:crafted":{"minecraft:oak_planks":64,"minecraft:cooked_chicken":5,"minecraft:cooked_mutton":27,"minecraft:glass":46,"minecraft:chest":2,"vanillaplustools:stone_shovel":1,"minecraft:cooked_rabbit":1,"biomesoplenty:jacaranda_planks":24,"minecraft:cooked_porkchop":25,"minecraft:crafting_table":2,"minecraft:spruce_planks":20,"travelersbackpack:standard":2,"minecraft:iron_helmet":1,"minecraft:iron_chestplate":1,"minecraft:stick":68,"minecraft:iron_pickaxe":3,"minecraft:iron_ingot":2,"gamma_beasts:golden_berries":21,"minecraft:stone_shovel":9,"travelersbackpack:white_sleeping_bag":1,"travelersbackpack:gold":1,"minecraft:stone_pickaxe":3,"gamma_beasts:banndu_saddle":1,"minecraft:wheat":396,"minecraft:cooked_beef":18,"biomesoplenty:jacaranda_boat":1,"travelersbackpack:backpack_tank":4,"travelersbackpack:black_sleeping_bag":1,"minecraft:stone_axe":4,"gamma_beasts:leather_saddle":1,"minecraft:bread":132,"minecraft:air":0,"depthcrawler:greengem":1,"minecraft:iron_leggings":1,"minecraft:torch":120},"minecraft:killed_by":{"minecraft:zombie":1,"minecraft:player":1},"minecraft:used":{"dungeonsweaponry:venom_glaive":4,"dungeonsweaponry:frost_slayer":3,"minecraft:chest":3,"minecraft:shield":3,"dungeonsweaponry:the_green_menace":2,"minecraft:carrot":67,"minecraft:stone_bricks":1,"minecraft:cooked_cod":4,"minecraft:furnace":1,"minecraft:skeleton_skull":1,"minecraft:potato":14,"cardinal_sins:stone_greatsword":672,"minecraft:dark_oak_stairs":2,"minecraft:stone_pickaxe":369,"minecraft:oak_planks":55,"minecraft:leather_chestplate":1,"minecraft:golden_apple":18,"cwsr:wind_boom":74,"biomesoplenty:jacaranda_planks":1,"minecraft:melon_slice":220,"minecraft:bread":71,"biomesoplenty:jacaranda_boat":1,"minecraft:iron_bars":2,"minecraft:stone_shovel":1,"minecraft:cooked_chicken":5,"minecraft:orange_bed":2,"minecraft:torch":272,"minecraft:dirt":564,"minecraft:dark_oak_planks":2,"travelersbackpack:gold":23,"minecraft:iron_axe":54,"minecraft:oak_stairs":1,"minecraft:golden_carrot":40,"minecraft:cooked_beef":38,"minecraft:cobbled_deepslate":184,"minecraft:cooked_mutton":27,"taxov:block_sailor":1,"minecraft:baked_potato":4,"minecraft:salmon":4,"anthropology_items__structures:hunters_machete":333,"minecraft:mossy_cobblestone":2,"deep_dark_regrowth:sculk_soil":3,"minecraft:crafting_table":11,"vanillaplustools:stone_shovel":130,"minecraft:cod":10,"minecraft:painting":1,"minecraft:oak_log":3,"minecraft:iron_pickaxe":829,"dungeonsweaponry:great_axeblade":4,"minecraft:stone_axe":326,"minecraft:cobblestone":95,"travelersbackpack:standard":2,"minecraft:cooked_porkchop":5,"minecraft:yellow_bed":2}},"DataVersion":3465}