{"stats":{"minecraft:picked_up":{"minecraft:wooden_axe":1,"minecraft:cocoa_beans":4,"minecraft:crafting_table":2,"minecraft:coarse_dirt":1,"minecraft:jungle_boat":1,"knighys_additions:nerium":3,"minecraft:jungle_log":1,"minecraft:wooden_pickaxe":1,"tombstone:grave_key":2,"minecraft:dirt":1,"minecraft:string":1,"minecraft:wheat_seeds":7,"minecraft:melon_slice":143,"biomesoplenty:mahogany_planks":6,"alexsmobs:leafcutter_ant_chamber":2,"minecraft:dark_oak_log":21,"alexsmobs:leafcutter_ant_pupa":1,"minecraft:rotten_flesh":7,"biomesoplenty:mahogany_log":24,"mokels_adventure:bloody_tear":1,"minecraft:coal":29,"minecraft:cobblestone":26},"minecraft:dropped":{"minecraft:coarse_dirt":1,"minecraft:cocoa_beans":4,"minecraft:rotten_flesh":3,"alexsmobs:leafcutter_ant_chamber":1,"tombstone:grave_key":2,"minecraft:wooden_axe":1,"tombstone:grave_dust":1,"minecraft:wooden_pickaxe":2},"minecraft:used":{"biomesoplenty:mahogany_planks":61,"minecraft:stone_sword":136,"minecraft:stone_pickaxe":55,"knighys_additions:nerium":3,"minecraft:chest":1,"minecraft:wooden_pickaxe":3,"minecraft:rotten_flesh":1,"minecraft:jungle_boat":1,"minecraft:dirt":1,"minecraft:crafting_table":3,"biomesoplenty:mahogany_door":2,"alexsmobs:leafcutter_ant_pupa":1,"minecraft:wooden_axe":15,"minecraft:melon_slice":71,"minecraft:stone_axe":79,"minecraft:dark_oak_boat":1,"tombstone:gift":2,"alexsmobs:animal_dictionary":2},"minecraft:killed":{"mokels_adventure:vyde":1,"undead_revamp2:the_moonflower":1,"minecraft:spider":1,"minecraft:zombie":1,"alexsmobs:leafcutter_ant":4,"undead_revamp2:sucker":1},"minecraft:mined":{"knighys_additions:nerium":2,"minecraft:dark_oak_leaves":1,"alexsmobs:leafcutter_anthill":2,"minecraft:dark_oak_log":21,"minecraft:crafting_table":2,"minecraft:grass_block":1,"minecraft:melon":29,"biomesoplenty:mahogany_planks":6,"minecraft:jungle_log":1,"alexsmobs:leafcutter_ant_chamber":2,"minecraft:large_fern":1,"minecraft:coarse_dirt":1,"biomesoplenty:mahogany_log":20,"minecraft:grass":9,"minecraft:coal_ore":29,"minecraft:vine":1,"minecraft:cocoa":2,"minecraft:stone":26,"world:leavesoak":1,"minecraft:oak_leaves":4,"minecraft:fern":81},"minecraft:custom":{"minecraft:mob_kills":9,"minecraft:interact_with_crafting_table":15,"minecraft:damage_dealt_resisted":11,"minecraft:time_since_death":16528,"minecraft:climb_one_cm":6254,"minecraft:time_since_rest":14129,"minecraft:sprint_one_cm":86911,"minecraft:damage_taken":2075,"minecraft:walk_one_cm":184512,"minecraft:drop":15,"minecraft:damage_dealt":2458,"minecraft:swim_one_cm":22521,"minecraft:fly_one_cm":100314,"minecraft:open_chest":2,"minecraft:crouch_one_cm":3524,"minecraft:play_time":47859,"tombstone:undead_killed":3,"minecraft:deaths":3,"minecraft:sneak_time":1121,"minecraft:walk_under_water_one_cm":11636,"minecraft:boat_one_cm":58905,"minecraft:jump":825,"minecraft:walk_on_water_one_cm":9915,"minecraft:total_world_time":47859,"minecraft:fall_one_cm":21357},"minecraft:crafted":{"minecraft:crafting_table":1,"minecraft:dark_oak_boat":1,"biomesoplenty:mahogany_planks":96,"minecraft:wooden_pickaxe":1,"minecraft:stone_axe":1,"minecraft:jungle_planks":4,"biomesoplenty:mahogany_door":3,"minecraft:stick":16,"minecraft:stone_pickaxe":1,"minecraft:stone_sword":1,"minecraft:chest":1,"minecraft:dark_oak_planks":84}},"DataVersion":3465}