{"stats":{"minecraft:custom":{"minecraft:mob_kills":162,"minecraft:interact_with_crafting_table":27,"minecraft:open_barrel":27,"minecraft:bell_ring":1,"minecraft:damage_dealt_resisted":1295,"minecraft:leave_game":3,"minecraft:time_since_death":626,"minecraft:climb_one_cm":13708,"minecraft:sprint_one_cm":455550,"minecraft:walk_one_cm":655089,"minecraft:drop":82,"minecraft:talked_to_villager":4,"minecraft:play_time":211569,"minecraft:sneak_time":6408,"minecraft:deaths":16,"minecraft:walk_under_water_one_cm":25032,"minecraft:boat_one_cm":131175,"minecraft:jump":3352,"minecraft:walk_on_water_one_cm":26932,"minecraft:total_world_time":211569,"minecraft:interact_with_furnace":28,"minecraft:sleep_in_bed":8,"minecraft:time_since_rest":648,"minecraft:damage_taken":13478,"minecraft:damage_dealt":23936,"minecraft:swim_one_cm":41996,"minecraft:fly_one_cm":518610,"minecraft:open_chest":129,"minecraft:crouch_one_cm":19587,"minecraft:fall_one_cm":115160},"minecraft:picked_up":{"minecraft:crafting_table":5,"minecraft:wheat":1,"minecraft:chicken":7,"minecraft:leather_leggings":1,"minecraft:oak_stairs":1,"minecraft:potion":3,"gravestone:obituary":5,"cwsr:wind_boom":1,"minecraft:string":14,"minecraft:moss_carpet":2,"biomesoplenty:tall_lavender":2,"minecraft:beef":46,"minecraft:melon_slice":132,"minecraft:spruce_slab":1,"minecraft:furnace":1,"minecraft:quartz_stairs":8,"minecraft:chest":3,"minecraft:phantom_membrane":1,"minecraft:mangrove_log":2,"minecraft:iron_boots":1,"minecraft:egg":4,"minecraft:stick":7,"minecraft:raw_iron":9,"minecraft:sandstone":9,"born_in_chaos_v1:shattered_skull":1,"minecraft:jungle_door":1,"minecraft:torch":11,"minecraft:porkchop":16,"orcz:orchorn":1,"minecraft:carrot":5,"born_in_chaos_v1:pieceofdarkmetal":4,"cardinal_sins:stone_greatsword":1,"minecraft:dark_oak_planks":2,"minecraft:stone_shovel":5,"regions_unexplored:barley":2,"minecraft:orange_bed":1,"minecraft:arrow":7,"minecraft:rotten_flesh":42,"biomesoplenty:jacaranda_log":6,"minecraft:jungle_stairs":3,"orcz:orcshroom":2,"minecraft:diamond_boots":1,"minecraft:hay_block":20,"minecraft:sandstone_stairs":2,"gamma_beasts:coal_nugget":39,"minecraft:gold_ingot":1,"minecraft:mutton":42,"minecraft:iron_bars":5,"undead_revamp2:arapholia":2,"minecraft:skeleton_skull":1,"minecraft:white_wool":25,"minecraft:cobblestone":96,"biomesoplenty:lavender":2,"born_in_chaos_v1:corpse_maggot":3,"minecraft:leather_chestplate":1,"minecraft:feather":11,"orcz:orcteeth":22,"minecraft:andesite":2,"minecraft:leather":35,"minecraft:golden_leggings":1,"minecraft:potato":1,"minecraft:oak_log":14,"minecraft:chainmail_chestplate":1,"undead_revamp2:huntereye":1,"minecraft:yellow_bed":4,"minecraft:golden_boots":2,"minecraft:cobblestone_stairs":1,"minecraft:dirt":673,"minecraft:bone":19,"minecraft:wheat_seeds":9,"minecraft:rabbit_hide":1,"minecraft:spruce_wood":5,"minecraft:iron_ingot":3,"minecraft:rabbit":1,"minecraft:glass_bottle":2,"travelersbackpack:gold":7,"minecraft:iron_sword":1,"minecraft:oak_planks":1,"minecraft:dark_oak_stairs":3,"orcz:orcagaric":2,"orcz:blue_orcshroom":2,"minecraft:sand":64,"minecraft:jungle_planks":2,"minecraft:fermented_spider_eye":1,"minecraft:spider_eye":3,"minecraft:mossy_cobblestone":2,"taxov:block_sailor":1,"born_in_chaos_v1:fire_dust":1,"minecraft:diamond":3,"minecraft:angler_pottery_sherd":4,"minecraft:iron_helmet":1,"minecraft:granite":7,"minecraft:painting":1,"minecraft:bread":27,"orcz:ironscrap":1,"minecraft:baked_potato":1,"minecraft:oak_sapling":1,"orcz:orceye":1,"minecraft:black_wool":5,"minecraft:coal":125},"minecraft:mined":{"minecraft:dark_oak_planks":2,"minecraft:quartz_stairs":8,"regions_unexplored:barley":2,"minecraft:cobblestone_stairs":1,"minecraft:glow_lichen":1,"gravestone:gravestone":16,"minecraft:granite":7,"biomesoplenty:bush":2,"minecraft:grass_block":171,"minecraft:decorated_pot":1,"minecraft:jungle_planks":2,"biomesoplenty:flowering_oak_leaves":2,"minecraft:spawner":15,"minecraft:sandstone":13,"minecraft:sandstone_stairs":1,"minecraft:large_fern":1,"minecraft:hay_block":20,"biomesoplenty:jacaranda_log":6,"biomesoplenty:tall_lavender":2,"minecraft:furnace":1,"minecraft:carrots":1,"minecraft:iron_ore":9,"biomesoplenty:lavender":4,"regions_unexplored:mossy_stone":1,"minecraft:andesite":2,"minecraft:moss_carpet":1,"minecraft:dark_oak_stairs":3,"biomesoplenty:high_grass":2,"minecraft:dirt_path":2,"minecraft:vine":15,"minecraft:oak_stairs":1,"minecraft:iron_bars":5,"regions_unexplored:medium_grass":5,"minecraft:stone":87,"regions_unexplored:silt_grass_block":1,"minecraft:orange_bed":1,"minecraft:spruce_slab":1,"biomesoplenty:jacaranda_leaves":3,"minecraft:jungle_door":1,"minecraft:powder_snow":13,"minecraft:cornflower":1,"minecraft:crafting_table":5,"taxov:block_sailor":1,"minecraft:jungle_stairs":4,"minecraft:melon":28,"minecraft:chest":3,"biomesoplenty:high_grass_plant":4,"minecraft:tall_grass":2,"minecraft:cobblestone":2,"minecraft:oak_planks":1,"minecraft:wall_torch":4,"minecraft:skeleton_skull":1,"minecraft:yellow_bed":2,"minecraft:grass":48,"minecraft:oak_log":10,"minecraft:coal_ore":125,"minecraft:sand":64,"minecraft:dirt":513,"travelersbackpack:gold":7,"minecraft:oak_leaves":1,"minecraft:fern":3},"minecraft:broken":{"minecraft:leather_leggings":2,"minecraft:leather_chestplate":1,"minecraft:stone_pickaxe":2,"minecraft:stone_axe":3},"minecraft:killed":{"cardinal_sins:skeletonofgluttony":3,"orcz:goblinshield":2,"undead_revamp2:thehunter":1,"minecraft:witch":1,"born_in_chaos_v1:door_knight_not_despawn":1,"minecraft:spider":7,"undead_revamp2:thesmoker":1,"born_in_chaos_v1:skeleton_thrasher_not_despawn":1,"born_in_chaos_v1:maggot":6,"minecraft:horse":4,"minecraft:skeleton":5,"gamma_beasts:banndu_a":1,"minecraft:chicken":7,"orcz:orcsavagemace":1,"minecraft:silverfish":2,"minecraft:pig":10,"minecraft:zombie_villager":3,"minecraft:salmon":1,"undead_revamp2:the_moonflower":4,"minecraft:rabbit":1,"born_in_chaos_v1:decrepit_skeleton":2,"minecraft:sheep":29,"undead_revamp2:thesomnolence":8,"minecraft:zombie":20,"orcz:bigorcboss":1,"minecraft:stray":1,"orcz:goblin_2sword":1,"orcz:orcsavage_2sword":2,"orcz:snot":7,"cardinal_sins:stonewarrior":1,"orcz:orcshield":1,"minecraft:villager":1,"born_in_chaos_v1:decaying_zombie_not_despawn":1,"minecraft:cow":24},"minecraft:crafted":{"minecraft:oak_planks":60,"minecraft:stone_shovel":9,"minecraft:cooked_mutton":22,"minecraft:glass":46,"travelersbackpack:white_sleeping_bag":1,"travelersbackpack:gold":1,"minecraft:stone_pickaxe":3,"minecraft:chest":2,"vanillaplustools:stone_shovel":1,"minecraft:cooked_beef":7,"biomesoplenty:jacaranda_planks":24,"biomesoplenty:jacaranda_boat":1,"minecraft:crafting_table":2,"minecraft:spruce_planks":20,"travelersbackpack:backpack_tank":4,"travelersbackpack:standard":2,"travelersbackpack:black_sleeping_bag":1,"minecraft:stone_axe":4,"minecraft:air":0,"minecraft:stick":60,"minecraft:iron_pickaxe":1},"minecraft:dropped":{"minecraft:golden_boots":2,"minecraft:dark_oak_stairs":1,"minecraft:wheat_seeds":8,"minecraft:glass_bottle":2,"minecraft:sandstone_stairs":1,"biomesoplenty:lavender":1,"minecraft:iron_helmet":1,"orcz:blue_orcshroom":2,"orcz:orcagaric":2,"minecraft:granite":7,"travelersbackpack:standard":1,"minecraft:cobblestone_stairs":1,"minecraft:stick":5,"minecraft:dirt":3,"minecraft:melon_slice":3,"regions_unexplored:barley":2,"minecraft:jungle_door":1,"gravestone:obituary":17,"minecraft:phantom_membrane":1,"minecraft:angler_pottery_sherd":1,"minecraft:chainmail_leggings":1,"minecraft:fermented_spider_eye":1,"minecraft:bone":1,"minecraft:stone_shovel":5,"minecraft:rotten_flesh":31,"orcz:orcshroom":2,"minecraft:jungle_stairs":2,"minecraft:andesite":2,"minecraft:yellow_bed":2,"minecraft:golden_leggings":1,"minecraft:oak_sapling":1,"minecraft:spider_eye":1,"minecraft:sandstone":2,"minecraft:iron_bars":1,"biomesoplenty:tall_lavender":2,"minecraft:black_wool":2},"minecraft:killed_by":{"minecraft:zombie":1},"minecraft:used":{"minecraft:iron_bars":2,"minecraft:stone_shovel":1,"minecraft:chest":3,"minecraft:orange_bed":1,"minecraft:torch":33,"minecraft:dirt":542,"minecraft:carrot":23,"minecraft:dark_oak_planks":2,"travelersbackpack:gold":20,"minecraft:oak_stairs":1,"minecraft:golden_carrot":7,"minecraft:cooked_cod":3,"minecraft:furnace":1,"minecraft:cooked_beef":14,"minecraft:potato":14,"minecraft:cooked_mutton":22,"minecraft:dark_oak_stairs":2,"cardinal_sins:stone_greatsword":151,"taxov:block_sailor":1,"minecraft:stone_pickaxe":288,"minecraft:baked_potato":4,"minecraft:oak_planks":55,"minecraft:leather_chestplate":1,"minecraft:salmon":4,"minecraft:golden_apple":1,"minecraft:mossy_cobblestone":2,"minecraft:crafting_table":6,"vanillaplustools:stone_shovel":115,"minecraft:cod":10,"minecraft:painting":1,"biomesoplenty:jacaranda_planks":1,"minecraft:oak_log":3,"minecraft:melon_slice":32,"minecraft:bread":39,"biomesoplenty:jacaranda_boat":1,"minecraft:stone_axe":322,"minecraft:cobblestone":38,"travelersbackpack:standard":1,"minecraft:yellow_bed":1}},"DataVersion":3465}