{"stats":{"minecraft:killed":{"minecraft:pig":3,"minecraft:witch":1,"minecraft:zombie_villager":3,"minecraft:rabbit":1,"undead_revamp2:thesmoker":1,"born_in_chaos_v1:skeleton_thrasher_not_despawn":1,"born_in_chaos_v1:maggot":1,"minecraft:sheep":8,"minecraft:zombie":1,"minecraft:cow":8},"minecraft:custom":{"minecraft:interact_with_furnace":11,"minecraft:mob_kills":28,"minecraft:interact_with_crafting_table":8,"minecraft:open_barrel":8,"minecraft:bell_ring":1,"minecraft:damage_dealt_resisted":136,"minecraft:leave_game":2,"minecraft:sleep_in_bed":2,"minecraft:time_since_death":38819,"minecraft:climb_one_cm":1010,"minecraft:time_since_rest":7288,"minecraft:sprint_one_cm":95190,"minecraft:damage_taken":2332,"minecraft:walk_one_cm":171121,"minecraft:drop":23,"minecraft:damage_dealt":3746,"minecraft:talked_to_villager":2,"minecraft:swim_one_cm":20171,"minecraft:fly_one_cm":161059,"minecraft:open_chest":42,"minecraft:crouch_one_cm":953,"minecraft:play_time":60989,"minecraft:deaths":3,"minecraft:sneak_time":382,"minecraft:walk_under_water_one_cm":10183,"minecraft:boat_one_cm":131175,"minecraft:jump":945,"minecraft:walk_on_water_one_cm":4217,"minecraft:total_world_time":60989,"minecraft:fall_one_cm":38649},"minecraft:used":{"minecraft:dark_oak_stairs":2,"taxov:block_sailor":1,"minecraft:stone_pickaxe":31,"minecraft:chest":3,"minecraft:leather_chestplate":1,"minecraft:orange_bed":1,"minecraft:salmon":4,"minecraft:dirt":9,"minecraft:crafting_table":1,"minecraft:cod":10,"minecraft:painting":1,"biomesoplenty:jacaranda_planks":1,"minecraft:dark_oak_planks":2,"minecraft:bread":15,"biomesoplenty:jacaranda_boat":1,"minecraft:stone_axe":96,"minecraft:cobblestone":20,"minecraft:golden_carrot":4,"travelersbackpack:standard":1,"minecraft:furnace":1,"minecraft:cooked_cod":3,"minecraft:yellow_bed":1,"minecraft:potato":1},"minecraft:crafted":{"minecraft:oak_planks":40,"biomesoplenty:jacaranda_planks":24,"biomesoplenty:jacaranda_boat":1,"minecraft:spruce_planks":20,"travelersbackpack:standard":1,"travelersbackpack:backpack_tank":2,"travelersbackpack:black_sleeping_bag":1,"minecraft:stone_axe":2,"minecraft:air":0,"minecraft:glass":15,"travelersbackpack:white_sleeping_bag":1,"minecraft:stick":60,"minecraft:chest":2,"minecraft:stone_pickaxe":1},"minecraft:picked_up":{"biomesoplenty:lavender":1,"minecraft:crafting_table":2,"minecraft:leather":9,"minecraft:potato":1,"minecraft:potion":3,"minecraft:oak_log":6,"minecraft:yellow_bed":4,"minecraft:string":3,"minecraft:moss_carpet":2,"minecraft:dirt":9,"biomesoplenty:tall_lavender":2,"minecraft:bone":2,"minecraft:wheat_seeds":3,"minecraft:rabbit_hide":1,"minecraft:spruce_wood":5,"minecraft:beef":16,"minecraft:rabbit":1,"minecraft:glass_bottle":2,"minecraft:spruce_slab":1,"minecraft:iron_boots":1,"minecraft:chest":3,"minecraft:mangrove_log":2,"minecraft:phantom_membrane":1,"minecraft:dark_oak_stairs":3,"minecraft:furnace":1,"minecraft:stick":1,"born_in_chaos_v1:shattered_skull":1,"minecraft:torch":1,"minecraft:sand":64,"minecraft:porkchop":7,"minecraft:jungle_planks":2,"born_in_chaos_v1:pieceofdarkmetal":4,"minecraft:fermented_spider_eye":1,"minecraft:spider_eye":1,"minecraft:dark_oak_planks":2,"taxov:block_sailor":1,"minecraft:orange_bed":1,"minecraft:rotten_flesh":2,"biomesoplenty:jacaranda_log":6,"minecraft:angler_pottery_sherd":4,"minecraft:jungle_stairs":3,"minecraft:hay_block":20,"minecraft:painting":1,"minecraft:bread":27,"minecraft:black_wool":3,"minecraft:mutton":12,"minecraft:white_wool":5,"minecraft:skeleton_skull":1,"minecraft:cobblestone":33},"minecraft:broken":{"minecraft:stone_axe":1},"minecraft:dropped":{"minecraft:dark_oak_stairs":1,"minecraft:wheat_seeds":3,"minecraft:glass_bottle":2,"biomesoplenty:lavender":1,"minecraft:rotten_flesh":2,"minecraft:stick":1,"minecraft:jungle_stairs":2,"minecraft:yellow_bed":2,"gravestone:obituary":3,"minecraft:phantom_membrane":1,"minecraft:angler_pottery_sherd":1,"minecraft:fermented_spider_eye":1,"biomesoplenty:tall_lavender":2,"minecraft:bone":1},"minecraft:mined":{"minecraft:dark_oak_planks":2,"biomesoplenty:jacaranda_leaves":3,"gravestone:gravestone":3,"minecraft:crafting_table":2,"minecraft:glow_lichen":1,"taxov:block_sailor":1,"minecraft:jungle_stairs":4,"biomesoplenty:bush":2,"minecraft:grass_block":3,"minecraft:decorated_pot":1,"minecraft:jungle_planks":2,"minecraft:chest":3,"biomesoplenty:flowering_oak_leaves":1,"biomesoplenty:high_grass_plant":4,"minecraft:tall_grass":2,"minecraft:spawner":2,"minecraft:large_fern":1,"minecraft:skeleton_skull":1,"minecraft:hay_block":20,"biomesoplenty:jacaranda_log":6,"biomesoplenty:tall_lavender":2,"minecraft:furnace":1,"biomesoplenty:lavender":3,"minecraft:moss_carpet":1,"minecraft:yellow_bed":2,"minecraft:dark_oak_stairs":3,"biomesoplenty:high_grass":2,"minecraft:grass":20,"minecraft:oak_stairs":1,"minecraft:oak_log":5,"minecraft:dirt_path":1,"minecraft:vine":1,"minecraft:sand":64,"minecraft:dirt":5,"regions_unexplored:medium_grass":3,"minecraft:stone":24,"minecraft:oak_leaves":1,"minecraft:spruce_slab":1,"minecraft:orange_bed":1}},"DataVersion":3465}