{"stats":{"minecraft:used":{"minecraft:stone_sword":24,"minecraft:polished_andesite":2,"minecraft:stone_pickaxe":23,"minecraft:wooden_pickaxe":24,"minecraft:cooked_chicken":5,"minecraft:dirt":1,"minecraft:crafting_table":2,"minecraft:wooden_axe":35,"minecraft:stone_axe":1,"minecraft:sweet_berries":3,"minecraft:furnace":1,"minecraft:egg":2},"minecraft:dropped":{"minecraft:moss_carpet":2,"minecraft:brown_mushroom":1,"minecraft:wheat_seeds":1,"dynamictrees:spruce_seed":1,"projectvibrantjourneys:orange_bark_mushroom":2,"minecraft:dirt":1,"projectvibrantjourneys:light_brown_bark_mushroom":1,"minecraft:wooden_axe":1,"gravestone:obituary":3,"minecraft:gold_nugget":1,"projectvibrantjourneys:bark_mushroom":1},"minecraft:mined":{"immersive_weathering:grassy_permafrost":2,"minecraft:crafting_table":2,"gravestone:gravestone":2,"minecraft:grass_block":1,"projectvibrantjourneys:light_brown_bark_mushroom":1,"immersive_weathering:permafrost":6,"minecraft:furnace":1,"minecraft:sweet_berry_bush":1,"minecraft:spruce_log":1,"minecraft:grass":2,"projectvibrantjourneys:spruce_hollow_log":5,"projectvibrantjourneys:short_grass":19,"minecraft:dirt":1,"minecraft:stone":32,"minecraft:polished_andesite":2,"spore:remains":1,"minecraft:fern":1},"minecraft:picked_up":{"minecraft:crafting_table":2,"minecraft:feather":5,"minecraft:chicken":6,"minecraft:brown_mushroom":1,"dynamictrees:spruce_seed":1,"gravestone:obituary":1,"minecraft:dirt":2,"projectvibrantjourneys:spruce_hollow_log":4,"minecraft:string":1,"minecraft:moss_carpet":2,"minecraft:bone":7,"minecraft:wheat_seeds":1,"minecraft:gold_nugget":1,"minecraft:egg":2,"minecraft:furnace":1,"projectvibrantjourneys:light_brown_bark_mushroom":1,"minecraft:stick":6,"minecraft:sweet_berries":3,"projectvibrantjourneys:bark_mushroom":1,"pointblank:gunmetal_nugget":1,"minecraft:spruce_log":11,"immersive_weathering:permafrost":3,"minecraft:polished_andesite":2,"projectvibrantjourneys:orange_bark_mushroom":2,"minecraft:cobblestone":32},"minecraft:custom":{"minecraft:interact_with_furnace":4,"minecraft:mob_kills":8,"minecraft:interact_with_crafting_table":11,"minecraft:time_since_death":4430,"minecraft:time_since_rest":4460,"minecraft:sprint_one_cm":58130,"minecraft:damage_taken":940,"minecraft:walk_one_cm":39450,"minecraft:drop":15,"minecraft:damage_dealt":932,"minecraft:swim_one_cm":5023,"minecraft:fly_one_cm":74043,"minecraft:open_chest":1,"minecraft:play_time":16690,"minecraft:crouch_one_cm":2743,"minecraft:deaths":2,"minecraft:sneak_time":974,"minecraft:walk_under_water_one_cm":475,"minecraft:jump":303,"minecraft:walk_on_water_one_cm":601,"minecraft:total_world_time":16690,"minecraft:fall_one_cm":9919},"minecraft:crafted":{"minecraft:crafting_table":1,"minecraft:spruce_planks":52,"minecraft:wooden_pickaxe":1,"minecraft:cooked_chicken":5,"minecraft:furnace":1,"minecraft:stone_axe":1,"minecraft:air":0,"minecraft:stick":4,"minecraft:stone_pickaxe":1,"minecraft:wooden_axe":1,"minecraft:stone_sword":1},"minecraft:killed":{"minecraft:spider":1,"minecraft:chicken":6}},"DataVersion":3465}