{"stats":{"minecraft:picked_up":{"minecraft:wooden_axe":1,"minecraft:cocoa_beans":4,"minecraft:coarse_dirt":1,"minecraft:crafting_table":2,"minecraft:chainmail_boots":2,"minecraft:leather_leggings":1,"minecraft:lead":1,"minecraft:wooden_pickaxe":1,"minecraft:enchanted_book":1,"tombstone:grave_key":2,"minecraft:shield":1,"minecraft:string":11,"minecraft:cracked_stone_bricks":2,"minecraft:spruce_planks":4,"minecraft:melon_slice":143,"alexsmobs:leafcutter_ant_chamber":2,"minecraft:tipped_arrow":1,"minecraft:stick":1,"minecraft:torch":7,"tombstone:grave_dust":1,"alexsmobs:leafcutter_ant_pupa":1,"minecraft:golden_chestplate":1,"minecraft:dark_oak_planks":8,"minecraft:arrow":11,"minecraft:rotten_flesh":26,"mokels_adventure:bloody_tear":1,"minecraft:iron_bars":14,"minecraft:cobblestone":28,"minecraft:lime_bed":1,"minecraft:jungle_boat":1,"minecraft:feather":2,"knighys_additions:nerium":3,"minecraft:jungle_log":1,"minecraft:potato":5,"minecraft:chainmail_chestplate":1,"minecraft:dirt":1,"minecraft:bone":6,"minecraft:bow":1,"minecraft:wheat_seeds":7,"minecraft:glass_bottle":4,"biomesoplenty:mahogany_planks":7,"minecraft:iron_sword":2,"minecraft:nether_brick_stairs":6,"minecraft:spruce_log":2,"minecraft:dark_oak_log":21,"biomesoplenty:mahogany_log":24,"minecraft:coal":29},"minecraft:dropped":{"minecraft:iron_sword":2,"minecraft:glass_bottle":5,"minecraft:chainmail_helmet":2,"alexsmobs:leafcutter_ant_chamber":1,"tombstone:grave_key":2,"minecraft:wooden_axe":1,"tombstone:grave_dust":1,"minecraft:potion":1,"minecraft:string":1,"minecraft:bone":1,"minecraft:golden_chestplate":2,"minecraft:coarse_dirt":1,"minecraft:cocoa_beans":4,"tombstone:gift":1,"minecraft:rotten_flesh":9,"minecraft:chainmail_chestplate":1,"minecraft:tipped_arrow":1,"minecraft:chainmail_boots":2,"minecraft:leather_leggings":1,"minecraft:iron_bars":6,"minecraft:stone_pickaxe":1,"minecraft:wooden_pickaxe":2,"minecraft:nether_brick_stairs":6},"minecraft:used":{"biomesoplenty:mahogany_planks":61,"minecraft:stone_sword":183,"minecraft:ladder":3,"knighys_additions:nerium":3,"minecraft:chest":1,"minecraft:spruce_planks":8,"minecraft:shield":37,"minecraft:iron_sword":13,"minecraft:rotten_flesh":1,"minecraft:torch":117,"minecraft:dirt":1,"minecraft:carrot":12,"minecraft:dark_oak_planks":25,"minecraft:wooden_axe":15,"minecraft:bow":30,"minecraft:dark_oak_boat":1,"tombstone:gift":2,"minecraft:potato":14,"minecraft:cooked_beef":2,"minecraft:cooked_mutton":1,"minecraft:stone_pickaxe":62,"minecraft:baked_potato":6,"minecraft:wooden_pickaxe":3,"minecraft:jungle_boat":1,"minecraft:golden_apple":1,"minecraft:crafting_table":3,"biomesoplenty:mahogany_door":2,"alexsmobs:leafcutter_ant_pupa":1,"minecraft:spruce_log":2,"minecraft:melon_slice":140,"minecraft:iron_pickaxe":16,"minecraft:stone_axe":236,"minecraft:diamond_sword":6,"minecraft:cobblestone":7,"minecraft:potion":3,"minecraft:cooked_rabbit":2,"alexsmobs:animal_dictionary":2},"minecraft:killed":{"enemyexpansion:trollenraged":1,"undead_revamp2:thewolf":1,"minecraft:cave_spider":2,"mokels_adventure:vyde":1,"minecraft:spider":4,"alexsmobs:seagull":1,"enemyexpansion:direwolf":3,"minecraft:skeleton":5,"alexsmobs:leafcutter_ant":4,"undead_revamp2:sucker":2,"undead_revamp2:the_moonflower":1,"enemyexpansion:meature":1,"minecraft:zombie":12,"minecraft:stray":4},"minecraft:mined":{"minecraft:dark_oak_planks":6,"knighys_additions:nerium":2,"minecraft:spruce_planks":4,"minecraft:mossy_cobblestone":1,"minecraft:dark_oak_leaves":1,"minecraft:dark_oak_log":21,"alexsmobs:leafcutter_anthill":2,"minecraft:grass_block":1,"minecraft:jungle_log":1,"alexsmobs:leafcutter_ant_chamber":2,"minecraft:spawner":4,"minecraft:large_fern":1,"minecraft:nether_brick_stairs":1,"minecraft:vine":3,"minecraft:iron_bars":10,"minecraft:stone":26,"world:leavesoak":1,"minecraft:crafting_table":2,"minecraft:melon":29,"biomesoplenty:mahogany_planks":7,"minecraft:cobblestone":2,"minecraft:wall_torch":2,"minecraft:lime_bed":1,"minecraft:coarse_dirt":1,"biomesoplenty:mahogany_log":20,"minecraft:spruce_log":2,"minecraft:grass":9,"minecraft:coal_ore":29,"minecraft:cocoa":2,"minecraft:cracked_stone_bricks":1,"minecraft:mossy_stone_bricks":1,"minecraft:oak_leaves":4,"minecraft:deepslate":1,"minecraft:fern":82},"minecraft:custom":{"minecraft:mob_kills":42,"minecraft:interact_with_crafting_table":17,"minecraft:damage_dealt_resisted":197,"minecraft:time_since_death":10253,"minecraft:climb_one_cm":7638,"minecraft:sprint_one_cm":299804,"minecraft:walk_one_cm":389144,"minecraft:damage_blocked_by_shield":2665,"minecraft:drop":51,"minecraft:play_time":95230,"minecraft:deaths":4,"minecraft:sneak_time":2204,"minecraft:walk_under_water_one_cm":11636,"minecraft:boat_one_cm":58905,"minecraft:jump":1070,"minecraft:walk_on_water_one_cm":14196,"minecraft:total_world_time":95230,"minecraft:time_since_rest":9362,"minecraft:damage_taken":3957,"minecraft:damage_absorbed":40,"minecraft:damage_dealt":8378,"minecraft:swim_one_cm":22521,"minecraft:fly_one_cm":139531,"minecraft:open_chest":71,"minecraft:crouch_one_cm":7427,"tombstone:undead_killed":26,"minecraft:fall_one_cm":23535},"minecraft:broken":{"minecraft:stone_sword":1,"minecraft:leather_chestplate":1,"minecraft:stone_axe":1},"minecraft:crafted":{"minecraft:dark_oak_boat":1,"biomesoplenty:mahogany_planks":96,"minecraft:ladder":3,"minecraft:stone_pickaxe":1,"minecraft:chest":1,"minecraft:dark_oak_planks":84,"minecraft:crafting_table":1,"minecraft:wooden_pickaxe":1,"minecraft:stone_axe":1,"minecraft:jungle_planks":4,"biomesoplenty:mahogany_door":3,"minecraft:stick":16,"minecraft:stone_sword":1,"minecraft:torch":100}},"DataVersion":3465}