{"stats":{"minecraft:killed":{"minecraft:pig":2},"minecraft:used":{"minecraft:stone_pickaxe":1,"minecraft:stone_axe":18,"minecraft:dirt":5,"biomesoplenty:jacaranda_planks":1},"minecraft:custom":{"minecraft:time_since_rest":3127,"minecraft:sprint_one_cm":26074,"minecraft:damage_taken":430,"minecraft:walk_one_cm":32805,"minecraft:mob_kills":2,"minecraft:drop":7,"minecraft:damage_dealt":130,"minecraft:swim_one_cm":20171,"minecraft:interact_with_crafting_table":2,"minecraft:fly_one_cm":47804,"minecraft:open_barrel":1,"minecraft:open_chest":2,"minecraft:crouch_one_cm":872,"minecraft:play_time":11819,"minecraft:deaths":1,"minecraft:sneak_time":262,"minecraft:walk_under_water_one_cm":6745,"minecraft:jump":271,"minecraft:leave_game":1,"minecraft:time_since_death":3069,"minecraft:walk_on_water_one_cm":2242,"minecraft:total_world_time":11819,"minecraft:fall_one_cm":13288},"minecraft:mined":{"biomesoplenty:jacaranda_leaves":3,"biomesoplenty:jacaranda_log":6,"biomesoplenty:tall_lavender":2,"minecraft:furnace":1,"biomesoplenty:lavender":3,"gravestone:gravestone":1,"minecraft:jungle_stairs":1,"minecraft:grass":8,"biomesoplenty:bush":1,"minecraft:grass_block":3,"minecraft:oak_log":5,"biomesoplenty:flowering_oak_leaves":1,"minecraft:dirt":2,"minecraft:tall_grass":2},"minecraft:dropped":{"minecraft:wheat_seeds":2,"minecraft:jungle_stairs":1,"biomesoplenty:lavender":1,"gravestone:obituary":1,"biomesoplenty:tall_lavender":2},"minecraft:crafted":{"biomesoplenty:jacaranda_planks":24,"minecraft:stick":16,"minecraft:stone_pickaxe":1,"minecraft:stone_axe":1},"minecraft:picked_up":{"biomesoplenty:lavender":1,"minecraft:porkchop":4,"minecraft:oak_log":5,"minecraft:dirt":5,"biomesoplenty:tall_lavender":2,"biomesoplenty:jacaranda_log":6,"minecraft:jungle_stairs":1,"minecraft:wheat_seeds":2,"minecraft:cobblestone":9,"minecraft:furnace":1}},"DataVersion":3465}