{"stats":{"minecraft:picked_up":{"minecraft:wooden_axe":1,"minecraft:cocoa_beans":4,"minecraft:coarse_dirt":12,"minecraft:crafting_table":2,"minecraft:chainmail_boots":2,"minecraft:leather_leggings":1,"minecraft:lead":1,"minecraft:wooden_pickaxe":1,"minecraft:enchanted_book":1,"tombstone:grave_key":2,"minecraft:shield":1,"minecraft:string":11,"biomesoplenty:stripped_mahogany_log":1,"minecraft:orange_glazed_terracotta":4,"minecraft:cracked_stone_bricks":2,"minecraft:spruce_planks":4,"minecraft:melon_slice":528,"minecraft:egg":1,"alexsmobs:leafcutter_ant_chamber":19,"minecraft:tipped_arrow":1,"undead_revamp2:suckermemebrane":6,"minecraft:stick":8,"minecraft:big_dripleaf":3,"minecraft:torch":10,"tombstone:grave_dust":1,"alexsmobs:leafcutter_ant_pupa":4,"minecraft:golden_chestplate":1,"minecraft:dark_oak_planks":8,"minecraft:orange_bed":1,"minecraft:arrow":11,"minecraft:rotten_flesh":36,"mokels_adventure:bloody_tear":1,"biomesoplenty:mahogany_sapling":2,"minecraft:iron_bars":14,"undead_revamp2:arapholia":3,"minecraft:cobblestone":31,"minecraft:lime_bed":1,"minecraft:jungle_boat":1,"minecraft:feather":2,"knighys_additions:nerium":8,"minecraft:jungle_log":1,"minecraft:potato":5,"minecraft:flint":2,"minecraft:chainmail_chestplate":1,"minecraft:gunpowder":1,"minecraft:dirt":938,"minecraft:orange_terracotta":2,"minecraft:bone":11,"minecraft:bow":1,"minecraft:wheat_seeds":82,"minecraft:iron_ingot":2,"minecraft:glass_bottle":4,"biomesoplenty:mahogany_planks":8,"minecraft:iron_sword":2,"minecraft:gravel":34,"minecraft:nether_brick_stairs":6,"minecraft:spruce_log":2,"minecraft:dark_oak_log":21,"minecraft:mossy_cobblestone":1,"minecraft:bundle":1,"biomesoplenty:mahogany_log":33,"minecraft:slime_ball":1,"minecraft:coal":46},"minecraft:dropped":{"minecraft:iron_sword":2,"minecraft:wheat_seeds":3,"minecraft:glass_bottle":5,"minecraft:chainmail_helmet":2,"minecraft:stick":2,"minecraft:dirt":454,"alexsmobs:leafcutter_ant_chamber":1,"tombstone:grave_key":2,"minecraft:wooden_axe":1,"minecraft:melon_slice":64,"tombstone:grave_dust":1,"minecraft:potion":1,"minecraft:string":1,"minecraft:bone":1,"minecraft:golden_chestplate":2,"minecraft:coarse_dirt":1,"minecraft:cocoa_beans":4,"undead_revamp2:arapholia":2,"tombstone:gift":1,"minecraft:rotten_flesh":13,"minecraft:chainmail_chestplate":1,"minecraft:tipped_arrow":1,"minecraft:bundle":1,"minecraft:chainmail_boots":2,"minecraft:leather_leggings":1,"minecraft:iron_bars":6,"biomesoplenty:mahogany_sapling":2,"minecraft:stone_pickaxe":1,"minecraft:wooden_pickaxe":2,"minecraft:nether_brick_stairs":6},"minecraft:used":{"biomesoplenty:mahogany_planks":63,"minecraft:stone_sword":183,"minecraft:ladder":3,"knighys_additions:nerium":8,"minecraft:chest":2,"minecraft:spruce_planks":8,"minecraft:shield":37,"minecraft:iron_sword":13,"minecraft:rotten_flesh":1,"minecraft:iron_chestplate":1,"minecraft:torch":157,"minecraft:dirt":124,"minecraft:carrot":12,"minecraft:dark_oak_planks":25,"minecraft:wooden_axe":15,"minecraft:bow":30,"minecraft:dark_oak_boat":1,"minecraft:written_book":1,"tombstone:gift":2,"undead_revamp2:arapholia":1,"minecraft:potato":14,"minecraft:cooked_beef":2,"minecraft:cooked_mutton":1,"minecraft:stone_pickaxe":62,"minecraft:baked_potato":6,"minecraft:wooden_pickaxe":3,"minecraft:jungle_boat":1,"minecraft:golden_apple":1,"minecraft:lime_bed":1,"minecraft:crafting_table":3,"vanillaplustools:stone_shovel":249,"biomesoplenty:mahogany_door":2,"alexsmobs:leafcutter_ant_pupa":4,"minecraft:spruce_log":2,"minecraft:diamond_shovel":228,"minecraft:melon_slice":216,"minecraft:iron_pickaxe":50,"minecraft:gravel":1,"minecraft:stone_axe":398,"minecraft:diamond_sword":116,"minecraft:cobblestone":7,"minecraft:potion":3,"minecraft:cooked_rabbit":2,"alexsmobs:animal_dictionary":2,"minecraft:coarse_dirt":7},"minecraft:killed":{"enemyexpansion:trollenraged":1,"undead_revamp2:thewolf":1,"undead_revamp2:bigsucker":2,"minecraft:cave_spider":2,"bloodandmadness:church_doctor":1,"mokels_adventure:vyde":1,"minecraft:spider":4,"alexsmobs:seagull":1,"enemyexpansion:direwolf":3,"minecraft:skeleton":5,"alexsmobs:leafcutter_ant":6,"undead_revamp2:thebidy":1,"undead_revamp2:sucker":6,"undead_revamp2:the_moonflower":6,"undead_revamp2:theordure":1,"enemyexpansion:meature":1,"minecraft:zombie":13,"minecraft:stray":4},"minecraft:mined":{"minecraft:dark_oak_planks":6,"knighys_additions:nerium":3,"minecraft:spruce_planks":4,"minecraft:mossy_cobblestone":2,"minecraft:dark_oak_leaves":1,"minecraft:dark_oak_log":21,"alexsmobs:leafcutter_anthill":5,"minecraft:grass_block":839,"biomesoplenty:stripped_mahogany_log":1,"minecraft:jungle_log":1,"alexsmobs:leafcutter_ant_chamber":21,"biomesoplenty:mahogany_sapling":1,"minecraft:spawner":4,"minecraft:large_fern":5,"minecraft:nether_brick_stairs":1,"minecraft:big_dripleaf_stem":1,"minecraft:dirt_path":3,"biomesoplenty:mahogany_leaves":1,"minecraft:vine":3,"minecraft:iron_bars":10,"minecraft:stone":28,"world:leavesoak":1,"minecraft:orange_bed":1,"minecraft:orange_glazed_terracotta":4,"minecraft:mud_brick_slab":7,"minecraft:orange_terracotta":2,"minecraft:crafting_table":2,"minecraft:torch":3,"minecraft:melon":114,"biomesoplenty:mahogany_planks":9,"minecraft:tall_grass":3,"minecraft:cobblestone":3,"minecraft:wall_torch":2,"minecraft:lime_bed":1,"minecraft:coarse_dirt":12,"biomesoplenty:mahogany_log":28,"minecraft:spruce_log":2,"minecraft:grass":43,"minecraft:coal_ore":46,"minecraft:cocoa":2,"minecraft:gravel":33,"minecraft:dirt":129,"minecraft:cracked_stone_bricks":1,"minecraft:mossy_stone_bricks":1,"minecraft:oak_leaves":4,"minecraft:deepslate":1,"minecraft:fern":295,"undead_revamp2:arapholia":1},"minecraft:custom":{"minecraft:mob_kills":63,"minecraft:interact_with_crafting_table":23,"minecraft:open_barrel":2,"minecraft:damage_dealt_resisted":197,"minecraft:time_since_death":58253,"minecraft:climb_one_cm":13507,"minecraft:sprint_one_cm":409581,"minecraft:walk_one_cm":564723,"minecraft:damage_blocked_by_shield":2665,"minecraft:drop":75,"minecraft:play_time":143230,"minecraft:deaths":4,"minecraft:sneak_time":4716,"minecraft:walk_under_water_one_cm":13022,"minecraft:boat_one_cm":58905,"minecraft:jump":1936,"minecraft:walk_on_water_one_cm":15519,"minecraft:total_world_time":143230,"minecraft:time_since_rest":57362,"minecraft:damage_taken":5065,"minecraft:damage_absorbed":40,"minecraft:damage_dealt":12136,"minecraft:swim_one_cm":24233,"minecraft:fly_one_cm":266799,"minecraft:open_chest":93,"minecraft:crouch_one_cm":16731,"tombstone:undead_killed":40,"minecraft:fall_one_cm":43265},"minecraft:broken":{"minecraft:stone_sword":1,"minecraft:leather_chestplate":1,"minecraft:stone_axe":1},"minecraft:crafted":{"minecraft:stone_shovel":9,"minecraft:dark_oak_boat":1,"biomesoplenty:mahogany_planks":136,"minecraft:ladder":3,"minecraft:stone_pickaxe":1,"minecraft:chest":2,"vanillaplustools:stone_shovel":1,"minecraft:dark_oak_planks":84,"minecraft:crafting_table":1,"minecraft:wooden_pickaxe":1,"minecraft:stone_axe":1,"minecraft:jungle_planks":4,"minecraft:iron_chestplate":1,"biomesoplenty:mahogany_door":3,"minecraft:stick":16,"minecraft:stone_sword":1,"minecraft:torch":100}},"DataVersion":3465}