{
  "minecraft:recipes/decorations/ladder": {
    "criteria": {
      "has_stick": "2024-10-06 04:46:05 +0000"
    },
    "done": true
  },
  "farmersdelight:recipes/combat/flint_knife": {
    "criteria": {
      "has_stick": "2024-10-06 04:46:05 +0000"
    },
    "done": true
  },
  "create:root": {
    "criteria": {
      "0": "2024-10-06 04:46:05 +0000"
    },
    "done": true
  },
  "minecraft:recipes/tools/wooden_axe": {
    "criteria": {
      "has_stick": "2024-10-06 04:46:05 +0000"
    },
    "done": true
  },
  "minecraft:recipes/decorations/crafting_table": {
    "criteria": {
      "unlock_right_away": "2024-10-06 04:45:55 +0000"
    },
    "done": true
  },
  "minecraft:recipes/misc/bone_meal": {
    "criteria": {
      "has_bone": "2024-10-06 04:46:19 +0000"
    },
    "done": true
  },
  "projectvibrantjourneys:recipes/misc/orange_dye_from_orange_bark_mushroom": {
    "criteria": {
      "has_orange_bark_mushroom": "2024-10-06 04:46:10 +0000"
    },
    "done": true
  },
  "minecraft:recipes/decorations/campfire": {
    "criteria": {
      "has_stick": "2024-10-06 04:46:05 +0000"
    },
    "done": true
  },
  "minecraft:recipes/tools/wooden_hoe": {
    "criteria": {
      "has_stick": "2024-10-06 04:46:05 +0000"
    },
    "done": true
  },
  "minecraft:recipes/tools/wooden_pickaxe": {
    "criteria": {
      "has_stick": "2024-10-06 04:46:05 +0000"
    },
    "done": true
  },
  "farmersdelight:main/root": {
    "criteria": {
      "seeds": "2024-10-06 04:46:05 +0000"
    },
    "done": true
  },
  "farmersdelight:recipes/cooking/bone_broth": {
    "criteria": {
      "has_bone": "2024-10-06 04:46:19 +0000"
    },
    "done": true
  },
  "travelersbackpack:recipes/misc/wolf": {
    "criteria": {
      "has_bone": "2024-10-06 04:46:19 +0000"
    },
    "done": true
  },
  "projectvibrantjourneys:recipes/misc/brown_dye_from_bark_mushroom": {
    "criteria": {
      "has_bark_mushroom": "2024-10-06 04:46:05 +0000"
    },
    "done": true
  },
  "minecraft:recipes/tools/wooden_shovel": {
    "criteria": {
      "has_stick": "2024-10-06 04:46:05 +0000"
    },
    "done": true
  },
  "minecraft:recipes/combat/wooden_sword": {
    "criteria": {
      "has_stick": "2024-10-06 04:46:05 +0000"
    },
    "done": true
  },
  "minecraft:adventure/adventuring_time": {
    "criteria": {
      "minecraft:taiga": "2024-10-06 04:45:56 +0000"
    },
    "done": false
  },
  "farmersdelight:recipes/decorations/cutting_board": {
    "criteria": {
      "has_stick": "2024-10-06 04:46:05 +0000"
    },
    "done": true
  },
  "DataVersion": 3465
}